name,acousticness,analysis_url,artist,danceability,duration_ms,energy,genre_1,genre_10,genre_2,genre_3,genre_4,genre_5,genre_6,genre_7,genre_8,genre_9,id,instrumentalness,key,liveness,loudness,mode,n_genres,popularity,speechiness,tempo,time_signature,track_href,type,uri,valence
Clocks,0.599,https://api.spotify.com/v1/audio-analysis/0BCPKOYdS2jbQ8iyB56Zns,Coldplay,0.577,307880,0.749,permanent wave,,pop,,,,,,,,0BCPKOYdS2jbQ8iyB56Zns,0.0112,5,0.183,-7.215,0,2,75,0.0279,130.969,4,https://api.spotify.com/v1/tracks/0BCPKOYdS2jbQ8iyB56Zns,audio_features,spotify:track:0BCPKOYdS2jbQ8iyB56Zns,0.261
Stranger Things (feat. OneRepublic),0.234,https://api.spotify.com/v1/audio-analysis/4sJqSKPc5fZ5OZ8JiVI44N,Kygo,0.604,221440,0.661,edm,,pop,tropical house,,,,,,,4sJqSKPc5fZ5OZ8JiVI44N,0.0,0,0.0951,-5.914,1,3,69,0.0375,107.016,4,https://api.spotify.com/v1/tracks/4sJqSKPc5fZ5OZ8JiVI44N,audio_features,spotify:track:4sJqSKPc5fZ5OZ8JiVI44N,0.506
Save Tonight (feat. Solamay),0.292,https://api.spotify.com/v1/audio-analysis/2PWKdiDjYkkOdInPxGrP51,Robin Schulz,0.631,216933,0.74,dance pop,,deep euro house,deep house,edm,pop,tropical house,,,,2PWKdiDjYkkOdInPxGrP51,0.0,10,0.244,-6.206,1,6,55,0.112,121.962,4,https://api.spotify.com/v1/tracks/2PWKdiDjYkkOdInPxGrP51,audio_features,spotify:track:2PWKdiDjYkkOdInPxGrP51,0.396
Burning Bridges,0.051,https://api.spotify.com/v1/audio-analysis/3qd6wKpFQf4JljGU7y18CJ,OneRepublic,0.579,257573,0.739,dance pop,,neo mellow,piano rock,pop,pop rap,pop rock,post-teen pop,,,3qd6wKpFQf4JljGU7y18CJ,0.0,1,0.083,-5.266,1,7,47,0.0258,97.976,4,https://api.spotify.com/v1/tracks/3qd6wKpFQf4JljGU7y18CJ,audio_features,spotify:track:3qd6wKpFQf4JljGU7y18CJ,0.235
My Shadow,0.0222,https://api.spotify.com/v1/audio-analysis/7f208BAaf1Hw1dCKBwZe8M,Keane,0.49,289360,0.416,neo mellow,,piano rock,pop rock,rock,,,,,,7f208BAaf1Hw1dCKBwZe8M,9.53e-05,9,0.0938,-8.025,1,4,43,0.0301,98.135,4,https://api.spotify.com/v1/tracks/7f208BAaf1Hw1dCKBwZe8M,audio_features,spotify:track:7f208BAaf1Hw1dCKBwZe8M,0.0449
Fake It,0.212,https://api.spotify.com/v1/audio-analysis/5OALp7wDh1vM2nza1qDArn,Bastille,0.594,244136,0.75,metropopolis,,modern rock,pop,,,,,,,5OALp7wDh1vM2nza1qDArn,2.33e-06,0,0.19,-4.674,0,3,54,0.0431,144.993,4,https://api.spotify.com/v1/tracks/5OALp7wDh1vM2nza1qDArn,audio_features,spotify:track:5OALp7wDh1vM2nza1qDArn,0.246
Keep on Walking,0.0438,https://api.spotify.com/v1/audio-analysis/2D3FIXKFNelMTv58DH9YeJ,Gabrielle Aplin,0.537,171560,0.665,acoustic pop,viral pop,dance pop,folk-pop,indie anthem-folk,indie folk,neo mellow,neo-singer-songwriter,pop,uk pop,2D3FIXKFNelMTv58DH9YeJ,0.0,7,0.145,-6.847,1,10,33,0.0333,136.007,4,https://api.spotify.com/v1/tracks/2D3FIXKFNelMTv58DH9YeJ,audio_features,spotify:track:2D3FIXKFNelMTv58DH9YeJ,0.554
Corazón Atómico,0.62,https://api.spotify.com/v1/audio-analysis/5gEepcBJx2Y7upzg5fkCxn,Zoé,0.462,234387,0.697,latin alternative,,latin rock,mexican rock,rock en espanol,,,,,,5gEepcBJx2Y7upzg5fkCxn,0.00878,11,0.103,-7.762,0,4,54,0.0389,93.034,4,https://api.spotify.com/v1/tracks/5gEepcBJx2Y7upzg5fkCxn,audio_features,spotify:track:5gEepcBJx2Y7upzg5fkCxn,0.357
Here's To Us,0.105,https://api.spotify.com/v1/audio-analysis/7nugvFppp4iogs6mwv6AJc,Ellie Goulding,0.618,229400,0.76,dance pop,,electropop,metropopolis,pop,post-teen pop,tropical house,,,,7nugvFppp4iogs6mwv6AJc,0.000173,5,0.0947,-7.299,0,6,48,0.0424,111.984,4,https://api.spotify.com/v1/tracks/7nugvFppp4iogs6mwv6AJc,audio_features,spotify:track:7nugvFppp4iogs6mwv6AJc,0.254
Higher Than The Sun,0.0218,https://api.spotify.com/v1/audio-analysis/0I67XU9xOD2ptzwluiYgKT,Keane,0.415,201653,0.639,neo mellow,,piano rock,pop rock,rock,,,,,,0I67XU9xOD2ptzwluiYgKT,0.0,2,0.112,-5.997,1,4,47,0.0326,179.978,4,https://api.spotify.com/v1/tracks/0I67XU9xOD2ptzwluiYgKT,audio_features,spotify:track:0I67XU9xOD2ptzwluiYgKT,0.497
I Guess I Just Feel Like,0.615,https://api.spotify.com/v1/audio-analysis/1HNywa8Bk0TmzRwQrzhtPo,John Mayer,0.556,285480,0.528,neo mellow,,pop,pop rock,singer-songwriter,,,,,,1HNywa8Bk0TmzRwQrzhtPo,0.0964,4,0.122,-8.033,1,4,78,0.0266,159.821,4,https://api.spotify.com/v1/tracks/1HNywa8Bk0TmzRwQrzhtPo,audio_features,spotify:track:1HNywa8Bk0TmzRwQrzhtPo,0.163
Ties,0.208,https://api.spotify.com/v1/audio-analysis/4KDKoOYAnLnR7Tek17eD02,Years & Years,0.536,226800,0.732,dance pop,,gauze pop,pop,tropical house,uk pop,,,,,4KDKoOYAnLnR7Tek17eD02,2.18e-06,1,0.0988,-5.394,0,5,47,0.0391,167.972,4,https://api.spotify.com/v1/tracks/4KDKoOYAnLnR7Tek17eD02,audio_features,spotify:track:4KDKoOYAnLnR7Tek17eD02,0.673
Wonder of the World,0.393,https://api.spotify.com/v1/audio-analysis/3GwFcIhxzG886lAqRaIWDL,Scouting For Girls,0.665,215173,0.717,neo mellow,,pop,,,,,,,,3GwFcIhxzG886lAqRaIWDL,0.0,2,0.214,-4.554,1,2,48,0.0367,114.001,4,https://api.spotify.com/v1/tracks/3GwFcIhxzG886lAqRaIWDL,audio_features,spotify:track:3GwFcIhxzG886lAqRaIWDL,0.783
Quarter Past Midnight,0.275,https://api.spotify.com/v1/audio-analysis/1etiUDkISHELzQGMY79ryt,Bastille,0.504,201799,0.821,metropopolis,,modern rock,pop,,,,,,,1etiUDkISHELzQGMY79ryt,0.0,8,0.0418,-3.356,1,3,72,0.0598,155.131,4,https://api.spotify.com/v1/tracks/1etiUDkISHELzQGMY79ryt,audio_features,spotify:track:1etiUDkISHELzQGMY79ryt,0.458
Grow Old with Me,0.799,https://api.spotify.com/v1/audio-analysis/6xjxMWGsprmtUVMDaMhgH0,Tom Odell,0.504,182720,0.592,indie folk,,neo mellow,pop,,,,,,,6xjxMWGsprmtUVMDaMhgH0,2.07e-06,7,0.174,-8.397,1,3,59,0.0301,146.182,4,https://api.spotify.com/v1/tracks/6xjxMWGsprmtUVMDaMhgH0,audio_features,spotify:track:6xjxMWGsprmtUVMDaMhgH0,0.39
Classy Girls,0.661,https://api.spotify.com/v1/audio-analysis/3ZzlzIJ5iH3WXCP6bX8Vp5,The Lumineers,0.72,165933,0.802,folk-pop,,indie folk,indie pop,modern rock,stomp and holler,,,,,3ZzlzIJ5iH3WXCP6bX8Vp5,7.9e-06,5,0.348,-7.507,1,5,50,0.0342,121.011,4,https://api.spotify.com/v1/tracks/3ZzlzIJ5iH3WXCP6bX8Vp5,audio_features,spotify:track:3ZzlzIJ5iH3WXCP6bX8Vp5,0.497
Paula,0.211,https://api.spotify.com/v1/audio-analysis/7hWwwpZjCEOEvyxT5aZ5Xm,Zoé,0.481,260160,0.519,latin alternative,,latin rock,mexican rock,rock en espanol,,,,,,7hWwwpZjCEOEvyxT5aZ5Xm,8.5e-06,7,0.114,-6.704,1,4,57,0.0264,79.006,4,https://api.spotify.com/v1/tracks/7hWwwpZjCEOEvyxT5aZ5Xm,audio_features,spotify:track:7hWwwpZjCEOEvyxT5aZ5Xm,0.254
Perfect Symmetry,0.0209,https://api.spotify.com/v1/audio-analysis/36DrLw8kpZY9QJIxutgfRy,Keane,0.516,312093,0.889,neo mellow,,piano rock,pop rock,rock,,,,,,36DrLw8kpZY9QJIxutgfRy,0.0,0,0.0789,-4.237,0,4,49,0.0386,115.037,4,https://api.spotify.com/v1/tracks/36DrLw8kpZY9QJIxutgfRy,audio_features,spotify:track:36DrLw8kpZY9QJIxutgfRy,0.453
How to Save a Life,0.269,https://api.spotify.com/v1/audio-analysis/5fVZC9GiM4e8vu99W0Xf6J,The Fray,0.64,262533,0.743,ambient worship,,modern rock,neo mellow,piano rock,pop,pop rock,,,,5fVZC9GiM4e8vu99W0Xf6J,0.0,10,0.101,-4.08,1,6,80,0.0379,122.035,4,https://api.spotify.com/v1/tracks/5fVZC9GiM4e8vu99W0Xf6J,audio_features,spotify:track:5fVZC9GiM4e8vu99W0Xf6J,0.361
Holding On For Life,0.068,https://api.spotify.com/v1/audio-analysis/0ADbpLjI7jngmuTyhdwl8D,Ellie Goulding,0.573,255231,0.737,dance pop,,electropop,metropopolis,pop,post-teen pop,tropical house,,,,0ADbpLjI7jngmuTyhdwl8D,0.0,9,0.142,-5.39,1,6,44,0.0439,113.9,4,https://api.spotify.com/v1/tracks/0ADbpLjI7jngmuTyhdwl8D,audio_features,spotify:track:0ADbpLjI7jngmuTyhdwl8D,0.436
I'm With You,0.805,https://api.spotify.com/v1/audio-analysis/6Qwuw0eOeszVlewLpu24gR,Vance Joy,0.657,239787,0.396,indie folk,,modern rock,neo mellow,pop,,,,,,6Qwuw0eOeszVlewLpu24gR,1.58e-06,7,0.103,-9.255,1,4,64,0.0293,110.003,3,https://api.spotify.com/v1/tracks/6Qwuw0eOeszVlewLpu24gR,audio_features,spotify:track:6Qwuw0eOeszVlewLpu24gR,0.115
Way Back When,0.348,https://api.spotify.com/v1/audio-analysis/2CShsvjPh2fbr6VAKLWKQt,Kodaline,0.632,204280,0.643,irish pop,,pop,,,,,,,,2CShsvjPh2fbr6VAKLWKQt,0.000146,9,0.335,-6.512,1,2,49,0.0328,110.046,4,https://api.spotify.com/v1/tracks/2CShsvjPh2fbr6VAKLWKQt,audio_features,spotify:track:2CShsvjPh2fbr6VAKLWKQt,0.51
Roll it on Home,0.624,https://api.spotify.com/v1/audio-analysis/0Zrug5Ry3x6x60lohpEU0C,John Mayer,0.611,202813,0.696,neo mellow,,pop,pop rock,singer-songwriter,,,,,,0Zrug5Ry3x6x60lohpEU0C,0.014,2,0.124,-6.737,1,4,60,0.0302,154.954,4,https://api.spotify.com/v1/tracks/0Zrug5Ry3x6x60lohpEU0C,audio_features,spotify:track:0Zrug5Ry3x6x60lohpEU0C,0.706
Chasing The Sun,0.242,https://api.spotify.com/v1/audio-analysis/4b4c0oH7PtrPsI86drzgFs,The Wanted,0.636,198800,0.732,boy band,,dance pop,pop,post-teen pop,viral pop,,,,,4b4c0oH7PtrPsI86drzgFs,0.0,7,0.498,-6.209,0,5,60,0.0962,128.11,4,https://api.spotify.com/v1/tracks/4b4c0oH7PtrPsI86drzgFs,audio_features,spotify:track:4b4c0oH7PtrPsI86drzgFs,0.679
Saturday Sun,0.484,https://api.spotify.com/v1/audio-analysis/2RiBogNRfulkNf7fVbPOrJ,Vance Joy,0.637,214720,0.864,indie folk,,modern rock,neo mellow,pop,,,,,,2RiBogNRfulkNf7fVbPOrJ,0.0,8,0.222,-4.381,1,4,71,0.0468,99.995,4,https://api.spotify.com/v1/tracks/2RiBogNRfulkNf7fVbPOrJ,audio_features,spotify:track:2RiBogNRfulkNf7fVbPOrJ,0.706
Cry,0.464,https://api.spotify.com/v1/audio-analysis/7AKgxiLhthTcCq1wEtKlGB,James Blunt,0.499,246413,0.583,neo mellow,,pop,pop rock,,,,,,,7AKgxiLhthTcCq1wEtKlGB,0.00747,7,0.0971,-9.191,1,3,47,0.0322,151.999,4,https://api.spotify.com/v1/tracks/7AKgxiLhthTcCq1wEtKlGB,audio_features,spotify:track:7AKgxiLhthTcCq1wEtKlGB,0.194
Sugarcoat,0.422,https://api.spotify.com/v1/audio-analysis/2UOytD96KzsV0PyDI9uPTu,George Ezra,0.706,202126,0.653,neo-singer-songwriter,,pop,,,,,,,,2UOytD96KzsV0PyDI9uPTu,0.0,5,0.12,-6.745,1,2,59,0.0368,123.954,4,https://api.spotify.com/v1/tracks/2UOytD96KzsV0PyDI9uPTu,audio_features,spotify:track:2UOytD96KzsV0PyDI9uPTu,0.368
Sunshine,0.437,https://api.spotify.com/v1/audio-analysis/1YgaIKDgm7IQpq9MVAmExQ,Keane,0.587,252067,0.745,neo mellow,,piano rock,pop rock,rock,,,,,,1YgaIKDgm7IQpq9MVAmExQ,0.00161,2,0.0997,-6.399,1,4,42,0.0256,100.002,4,https://api.spotify.com/v1/tracks/1YgaIKDgm7IQpq9MVAmExQ,audio_features,spotify:track:1YgaIKDgm7IQpq9MVAmExQ,0.0824
Cámara Lenta - Live 8.11.14,0.0918,https://api.spotify.com/v1/audio-analysis/1vrK1A6QFc0R0Qi0G7K4at,Zoé,0.495,385813,0.937,latin alternative,,latin rock,mexican rock,rock en espanol,,,,,,1vrK1A6QFc0R0Qi0G7K4at,0.936,11,0.973,-6.09,0,4,49,0.0405,149.941,4,https://api.spotify.com/v1/tracks/1vrK1A6QFc0R0Qi0G7K4at,audio_features,spotify:track:1vrK1A6QFc0R0Qi0G7K4at,0.474
Give Me Strength,0.628,https://api.spotify.com/v1/audio-analysis/2d0N8j1eIQiUMOEg0qyFym,Snow Patrol,0.531,202880,0.512,irish rock,,modern rock,neo mellow,permanent wave,pop,pop rock,rock,,,2d0N8j1eIQiUMOEg0qyFym,0.0,11,0.132,-5.976,1,7,40,0.0273,146.98,4,https://api.spotify.com/v1/tracks/2d0N8j1eIQiUMOEg0qyFym,audio_features,spotify:track:2d0N8j1eIQiUMOEg0qyFym,0.331
Drunk On Love,0.294,https://api.spotify.com/v1/audio-analysis/1xMto0AWRx1pKAluREepUd,The Wanted,0.641,203284,0.912,boy band,,dance pop,pop,post-teen pop,viral pop,,,,,1xMto0AWRx1pKAluREepUd,0.0,11,0.327,-3.977,1,5,34,0.088,128.088,4,https://api.spotify.com/v1/tracks/1xMto0AWRx1pKAluREepUd,audio_features,spotify:track:1xMto0AWRx1pKAluREepUd,0.458
Used to Do,0.399,https://api.spotify.com/v1/audio-analysis/6Eql96nQozq1U4THUHcXJL,Gabrielle Aplin,0.581,220493,0.87,acoustic pop,viral pop,dance pop,folk-pop,indie anthem-folk,indie folk,neo mellow,neo-singer-songwriter,pop,uk pop,6Eql96nQozq1U4THUHcXJL,7.67e-05,11,0.0958,-6.289,0,10,34,0.0383,108.041,4,https://api.spotify.com/v1/tracks/6Eql96nQozq1U4THUHcXJL,audio_features,spotify:track:6Eql96nQozq1U4THUHcXJL,0.216
Fire and the Flood,0.0242,https://api.spotify.com/v1/audio-analysis/6liNJDyWJjyHAgDnAX95bw,Vance Joy,0.596,249382,0.827,indie folk,,modern rock,neo mellow,pop,,,,,,6liNJDyWJjyHAgDnAX95bw,0.0,5,0.0958,-4.402,1,4,66,0.0372,115.034,4,https://api.spotify.com/v1/tracks/6liNJDyWJjyHAgDnAX95bw,audio_features,spotify:track:6liNJDyWJjyHAgDnAX95bw,0.329
To Her Door,0.509,https://api.spotify.com/v1/audio-analysis/7ANLSspJ7kodpm5fuJyyzx,Empire of the Sun,0.481,235208,0.712,alternative dance,pop,australian dance,australian electropop,dance-punk,indie pop,indietronica,modern rock,neo-synthpop,new rave,7ANLSspJ7kodpm5fuJyyzx,0.00689,8,0.14,-5.657,1,10,33,0.0354,100.039,4,https://api.spotify.com/v1/tracks/7ANLSspJ7kodpm5fuJyyzx,audio_features,spotify:track:7ANLSspJ7kodpm5fuJyyzx,0.14
Numb,0.64,https://api.spotify.com/v1/audio-analysis/1hw0MiJ3awfw1tGxFO9F5Y,Benjamin Francis Leftwich,0.574,200395,0.507,chamber pop,,folk-pop,indie anthem-folk,indie folk,neo mellow,stomp and holler,,,,1hw0MiJ3awfw1tGxFO9F5Y,0.0593,6,0.135,-9.89,0,6,41,0.0415,117.001,4,https://api.spotify.com/v1/tracks/1hw0MiJ3awfw1tGxFO9F5Y,audio_features,spotify:track:1hw0MiJ3awfw1tGxFO9F5Y,0.577
Pompeii,0.0755,https://api.spotify.com/v1/audio-analysis/6fNhZRFEkBfgW39W3wKARJ,Bastille,0.679,214148,0.715,metropopolis,,modern rock,pop,,,,,,,6fNhZRFEkBfgW39W3wKARJ,0.0,9,0.271,-6.383,1,3,71,0.0407,127.435,4,https://api.spotify.com/v1/tracks/6fNhZRFEkBfgW39W3wKARJ,audio_features,spotify:track:6fNhZRFEkBfgW39W3wKARJ,0.571
Souvenir,0.679,https://api.spotify.com/v1/audio-analysis/68UIOPderAlQy5eb7K4iUO,León Larregui,0.594,239120,0.578,latin alternative,,latin rock,rock en espanol,,,,,,,68UIOPderAlQy5eb7K4iUO,0.123,4,0.105,-10.676,0,3,62,0.034,77.481,4,https://api.spotify.com/v1/tracks/68UIOPderAlQy5eb7K4iUO,audio_features,spotify:track:68UIOPderAlQy5eb7K4iUO,0.536
In Your Own Time,0.0961,https://api.spotify.com/v1/audio-analysis/6dksuIyuNHcFVcx9ixCMbq,Keane,0.507,223800,0.748,neo mellow,,piano rock,pop rock,rock,,,,,,6dksuIyuNHcFVcx9ixCMbq,0.0,8,0.0795,-6.343,1,4,41,0.0362,123.92,4,https://api.spotify.com/v1/tracks/6dksuIyuNHcFVcx9ixCMbq,audio_features,spotify:track:6dksuIyuNHcFVcx9ixCMbq,0.215
First Crush,0.408,https://api.spotify.com/v1/audio-analysis/6Ynd7d6PSISoPagxpC8xmf,Empire of the Sun,0.621,250587,0.683,alternative dance,pop,australian dance,australian electropop,dance-punk,indie pop,indietronica,modern rock,neo-synthpop,new rave,6Ynd7d6PSISoPagxpC8xmf,0.0167,6,0.0714,-6.709,1,10,35,0.0367,120.032,4,https://api.spotify.com/v1/tracks/6Ynd7d6PSISoPagxpC8xmf,audio_features,spotify:track:6Ynd7d6PSISoPagxpC8xmf,0.538
Take Your Time,0.4,https://api.spotify.com/v1/audio-analysis/0fqjy5gVNVmQQmxOLLfb3c,Vance Joy,0.638,217173,0.687,indie folk,,modern rock,neo mellow,pop,,,,,,0fqjy5gVNVmQQmxOLLfb3c,0.000114,7,0.166,-6.556,1,4,60,0.0351,114.98,4,https://api.spotify.com/v1/tracks/0fqjy5gVNVmQQmxOLLfb3c,audio_features,spotify:track:0fqjy5gVNVmQQmxOLLfb3c,0.323
Flaws,0.405,https://api.spotify.com/v1/audio-analysis/0aUr2ZD1NEGaPA4lbGxI2I,Bastille,0.57,218800,0.657,metropopolis,,modern rock,pop,,,,,,,0aUr2ZD1NEGaPA4lbGxI2I,1.86e-06,8,0.0723,-6.987,1,3,50,0.0356,144.247,4,https://api.spotify.com/v1/tracks/0aUr2ZD1NEGaPA4lbGxI2I,audio_features,spotify:track:0aUr2ZD1NEGaPA4lbGxI2I,0.41
Silenced By The Night,0.00188,https://api.spotify.com/v1/audio-analysis/0BhGZmaQ1SET53qGkGvwxD,Keane,0.515,196467,0.809,neo mellow,,piano rock,pop rock,rock,,,,,,0BhGZmaQ1SET53qGkGvwxD,9.86e-06,1,0.0983,-5.051,1,4,55,0.0288,111.985,4,https://api.spotify.com/v1/tracks/0BhGZmaQ1SET53qGkGvwxD,audio_features,spotify:track:0BhGZmaQ1SET53qGkGvwxD,0.237
Starry Eyed,0.135,https://api.spotify.com/v1/audio-analysis/14OF4JQOIm4hb0GfG5nfyF,Ellie Goulding,0.504,176613,0.814,dance pop,,electropop,metropopolis,pop,post-teen pop,tropical house,,,,14OF4JQOIm4hb0GfG5nfyF,1.42e-05,5,0.324,-5.346,0,6,58,0.0389,149.967,4,https://api.spotify.com/v1/tracks/14OF4JQOIm4hb0GfG5nfyF,audio_features,spotify:track:14OF4JQOIm4hb0GfG5nfyF,0.596
We Are The People,0.0981,https://api.spotify.com/v1/audio-analysis/57RHMnLMQx8Qz5V6c0E8dF,Empire of the Sun,0.666,267355,0.785,alternative dance,pop,australian dance,australian electropop,dance-punk,indie pop,indietronica,modern rock,neo-synthpop,new rave,57RHMnLMQx8Qz5V6c0E8dF,0.0198,4,0.434,-5.37,0,10,62,0.0308,122.973,4,https://api.spotify.com/v1/tracks/57RHMnLMQx8Qz5V6c0E8dF,audio_features,spotify:track:57RHMnLMQx8Qz5V6c0E8dF,0.549
The Lovers Are Losing,0.00501,https://api.spotify.com/v1/audio-analysis/4VBmMhjrJ1Bu7ebnl0Gbmj,Keane,0.517,304440,0.875,neo mellow,,piano rock,pop rock,rock,,,,,,4VBmMhjrJ1Bu7ebnl0Gbmj,0.0133,1,0.17,-3.143,1,4,45,0.0315,117.003,4,https://api.spotify.com/v1/tracks/4VBmMhjrJ1Bu7ebnl0Gbmj,audio_features,spotify:track:4VBmMhjrJ1Bu7ebnl0Gbmj,0.568
All Time Low,0.34,https://api.spotify.com/v1/audio-analysis/30R45HO2rhR8YgFbe0fKBc,The Wanted,0.687,205200,0.619,boy band,,dance pop,pop,post-teen pop,viral pop,,,,,30R45HO2rhR8YgFbe0fKBc,0.0,8,0.0723,-4.876,0,5,51,0.0567,134.035,4,https://api.spotify.com/v1/tracks/30R45HO2rhR8YgFbe0fKBc,audio_features,spotify:track:30R45HO2rhR8YgFbe0fKBc,0.753
Leaving It Up to You,0.576,https://api.spotify.com/v1/audio-analysis/148iKYznRW7IcRbSWJm8ZK,George Ezra,0.62,216440,0.492,neo-singer-songwriter,,pop,,,,,,,,148iKYznRW7IcRbSWJm8ZK,0.0,4,0.0978,-9.072,0,2,62,0.0359,90.035,4,https://api.spotify.com/v1/tracks/148iKYznRW7IcRbSWJm8ZK,audio_features,spotify:track:148iKYznRW7IcRbSWJm8ZK,0.389
Bedshaped,0.633,https://api.spotify.com/v1/audio-analysis/17xGX76BVzLRSbpYteAGR4,Keane,0.501,278000,0.407,neo mellow,,piano rock,pop rock,rock,,,,,,17xGX76BVzLRSbpYteAGR4,0.000198,4,0.0918,-6.947,1,4,57,0.0301,74.937,4,https://api.spotify.com/v1/tracks/17xGX76BVzLRSbpYteAGR4,audio_features,spotify:track:17xGX76BVzLRSbpYteAGR4,0.0922
Eyes Shut,0.54,https://api.spotify.com/v1/audio-analysis/518zXKRiPKL5RhMddyXkBB,Years & Years,0.593,198227,0.671,dance pop,,gauze pop,pop,tropical house,uk pop,,,,,518zXKRiPKL5RhMddyXkBB,0.0,0,0.123,-6.956,1,5,62,0.0409,97.935,4,https://api.spotify.com/v1/tracks/518zXKRiPKL5RhMddyXkBB,audio_features,spotify:track:518zXKRiPKL5RhMddyXkBB,0.195
Apologize,0.327,https://api.spotify.com/v1/audio-analysis/428lSKYV9R5f5d4XGOeniY,OneRepublic,0.593,208107,0.75,dance pop,,neo mellow,piano rock,pop,pop rap,pop rock,post-teen pop,,,428lSKYV9R5f5d4XGOeniY,3.32e-05,8,0.101,-5.993,1,7,74,0.0337,118.005,4,https://api.spotify.com/v1/tracks/428lSKYV9R5f5d4XGOeniY,audio_features,spotify:track:428lSKYV9R5f5d4XGOeniY,0.45
The Draw,0.606,https://api.spotify.com/v1/audio-analysis/4n2FG7dvDBVMKtHlOm5Rim,Bastille,0.52,194506,0.565,metropopolis,,modern rock,pop,,,,,,,4n2FG7dvDBVMKtHlOm5Rim,0.0101,11,0.203,-7.439,0,3,51,0.0454,79.094,4,https://api.spotify.com/v1/tracks/4n2FG7dvDBVMKtHlOm5Rim,audio_features,spotify:track:4n2FG7dvDBVMKtHlOm5Rim,0.422
Letting You Go,0.342,https://api.spotify.com/v1/audio-analysis/5Co1LV1AEBqm9G4k68ZxUD,Gabrielle Aplin,0.667,189387,0.621,acoustic pop,viral pop,dance pop,folk-pop,indie anthem-folk,indie folk,neo mellow,neo-singer-songwriter,pop,uk pop,5Co1LV1AEBqm9G4k68ZxUD,0.0,2,0.116,-8.032,1,10,41,0.0712,122.017,4,https://api.spotify.com/v1/tracks/5Co1LV1AEBqm9G4k68ZxUD,audio_features,spotify:track:5Co1LV1AEBqm9G4k68ZxUD,0.288
Keystone,0.57,https://api.spotify.com/v1/audio-analysis/49Wf0ZKHdj2uZ93dWDb7Uw,Empire of the Sun,0.64,151267,0.812,alternative dance,pop,australian dance,australian electropop,dance-punk,indie pop,indietronica,modern rock,neo-synthpop,new rave,49Wf0ZKHdj2uZ93dWDb7Uw,4.83e-05,7,0.0476,-3.464,0,10,33,0.0552,120.011,4,https://api.spotify.com/v1/tracks/49Wf0ZKHdj2uZ93dWDb7Uw,audio_features,spotify:track:49Wf0ZKHdj2uZ93dWDb7Uw,0.695
Border,0.0119,https://api.spotify.com/v1/audio-analysis/2BzD7sIQl42p4wdpxiLnwY,Years & Years,0.585,262547,0.745,dance pop,,gauze pop,pop,tropical house,uk pop,,,,,2BzD7sIQl42p4wdpxiLnwY,2.5e-06,0,0.136,-6.169,1,5,43,0.0517,160.057,4,https://api.spotify.com/v1/tracks/2BzD7sIQl42p4wdpxiLnwY,audio_features,spotify:track:2BzD7sIQl42p4wdpxiLnwY,0.35
Traps,0.154,https://api.spotify.com/v1/audio-analysis/1smxennUppq1AmAmiKXAp5,Years & Years,0.612,215714,0.753,dance pop,,gauze pop,pop,tropical house,uk pop,,,,,1smxennUppq1AmAmiKXAp5,2.41e-06,11,0.124,-7.018,1,5,42,0.0323,125.993,4,https://api.spotify.com/v1/tracks/1smxennUppq1AmAmiKXAp5,audio_features,spotify:track:1smxennUppq1AmAmiKXAp5,0.412
bad_news (Bastille Vs. MNEK),0.243,https://api.spotify.com/v1/audio-analysis/0dduFugL8TwB6Rsw52xysY,Bastille,0.527,287316,0.827,metropopolis,,modern rock,pop,,,,,,,0dduFugL8TwB6Rsw52xysY,0.0065,9,0.644,-5.137,0,3,48,0.102,82.554,4,https://api.spotify.com/v1/tracks/0dduFugL8TwB6Rsw52xysY,audio_features,spotify:track:0dduFugL8TwB6Rsw52xysY,0.402
Mess Is Mine,0.047,https://api.spotify.com/v1/audio-analysis/29jtZGdgpE2lWm2mkIt6HS,Vance Joy,0.595,223640,0.723,indie folk,,modern rock,neo mellow,pop,,,,,,29jtZGdgpE2lWm2mkIt6HS,0.0286,7,0.0995,-8.256,1,4,69,0.0349,108.043,1,https://api.spotify.com/v1/tracks/29jtZGdgpE2lWm2mkIt6HS,audio_features,spotify:track:29jtZGdgpE2lWm2mkIt6HS,0.272
Untitled 1,0.015,https://api.spotify.com/v1/audio-analysis/2lYntZF7Bb4p7JhxhWObUf,Keane,0.581,336320,0.783,neo mellow,,piano rock,pop rock,rock,,,,,,2lYntZF7Bb4p7JhxhWObUf,0.775,9,0.0638,-7.231,0,4,39,0.0281,103.968,4,https://api.spotify.com/v1/tracks/2lYntZF7Bb4p7JhxhWObUf,audio_features,spotify:track:2lYntZF7Bb4p7JhxhWObUf,0.633
Seasons Run,0.418,https://api.spotify.com/v1/audio-analysis/2hYwDaO91sbawS7qmrfI52,The xx,0.57,260292,0.668,downtempo,,dream pop,indie rock,indietronica,pop,,,,,2hYwDaO91sbawS7qmrfI52,0.0138,11,0.195,-7.212,1,5,53,0.0293,107.012,4,https://api.spotify.com/v1/tracks/2hYwDaO91sbawS7qmrfI52,audio_features,spotify:track:2hYwDaO91sbawS7qmrfI52,0.317
Worship,0.0684,https://api.spotify.com/v1/audio-analysis/4tbjcmm9QkFQqRB3nxk4cV,Years & Years,0.673,221813,0.805,dance pop,,gauze pop,pop,tropical house,uk pop,,,,,4tbjcmm9QkFQqRB3nxk4cV,0.0,4,0.0855,-4.543,0,5,50,0.0395,117.982,4,https://api.spotify.com/v1/tracks/4tbjcmm9QkFQqRB3nxk4cV,audio_features,spotify:track:4tbjcmm9QkFQqRB3nxk4cV,0.6
Destinations,0.774,https://api.spotify.com/v1/audio-analysis/53ccDZYdOil1QZ85rcrJvo,Alesso,0.614,329413,0.601,big room,,dance pop,edm,electro house,pop,progressive electro house,tropical house,,,53ccDZYdOil1QZ85rcrJvo,0.841,2,0.117,-6.392,1,7,45,0.0386,122.999,4,https://api.spotify.com/v1/tracks/53ccDZYdOil1QZ85rcrJvo,audio_features,spotify:track:53ccDZYdOil1QZ85rcrJvo,0.514
Good Life,0.0929,https://api.spotify.com/v1/audio-analysis/6OtCIsQZ64Vs1EbzztvAv4,OneRepublic,0.636,253307,0.699,dance pop,,neo mellow,piano rock,pop,pop rap,pop rock,post-teen pop,,,6OtCIsQZ64Vs1EbzztvAv4,0.0,6,0.115,-7.687,1,7,69,0.0551,94.966,4,https://api.spotify.com/v1/tracks/6OtCIsQZ64Vs1EbzztvAv4,audio_features,spotify:track:6OtCIsQZ64Vs1EbzztvAv4,0.637
"Tear Up This Town - Orchestral Version / From ""A Monster Calls"" Original Motion Picture Soundtrack",0.391,https://api.spotify.com/v1/audio-analysis/5YgSOlHwnhGJx6Mxh63ABH,Keane,0.524,187120,0.626,neo mellow,,piano rock,pop rock,rock,,,,,,5YgSOlHwnhGJx6Mxh63ABH,2.23e-06,8,0.102,-8.952,1,4,47,0.0349,141.9,4,https://api.spotify.com/v1/tracks/5YgSOlHwnhGJx6Mxh63ABH,audio_features,spotify:track:5YgSOlHwnhGJx6Mxh63ABH,0.446
Decks Dark,0.668,https://api.spotify.com/v1/audio-analysis/5rIhBK9aaVMck0W2YtOwci,Radiohead,0.56,281011,0.5,alternative rock,,art rock,melancholia,modern rock,oxford indie,permanent wave,rock,,,5rIhBK9aaVMck0W2YtOwci,0.833,2,0.117,-10.829,0,7,58,0.0272,139.174,4,https://api.spotify.com/v1/tracks/5rIhBK9aaVMck0W2YtOwci,audio_features,spotify:track:5rIhBK9aaVMck0W2YtOwci,0.249
Out On My Own,0.527,https://api.spotify.com/v1/audio-analysis/3lkqUJmKkGRzisin6i9wPA,Gabrielle Aplin,0.556,246021,0.439,acoustic pop,viral pop,dance pop,folk-pop,indie anthem-folk,indie folk,neo mellow,neo-singer-songwriter,pop,uk pop,3lkqUJmKkGRzisin6i9wPA,2.74e-05,1,0.189,-10.694,0,10,34,0.0401,128.844,4,https://api.spotify.com/v1/tracks/3lkqUJmKkGRzisin6i9wPA,audio_features,spotify:track:3lkqUJmKkGRzisin6i9wPA,0.173
NbHD,0.00142,https://api.spotify.com/v1/audio-analysis/6zsFCfP4TK2J48tMYjb668,OneRepublic,0.544,224133,0.807,dance pop,,neo mellow,piano rock,pop,pop rap,pop rock,post-teen pop,,,6zsFCfP4TK2J48tMYjb668,3.71e-06,1,0.647,-5.371,0,7,49,0.0446,96.996,4,https://api.spotify.com/v1/tracks/6zsFCfP4TK2J48tMYjb668,audio_features,spotify:track:6zsFCfP4TK2J48tMYjb668,0.372
Pérdida Total,0.482,https://api.spotify.com/v1/audio-analysis/1NkbZ5PLDZ683uXCjtbcAc,León Larregui,0.523,227627,0.582,latin alternative,,latin rock,rock en espanol,,,,,,,1NkbZ5PLDZ683uXCjtbcAc,0.443,7,0.694,-9.653,1,3,46,0.0622,143.766,4,https://api.spotify.com/v1/tracks/1NkbZ5PLDZ683uXCjtbcAc,audio_features,spotify:track:1NkbZ5PLDZ683uXCjtbcAc,0.453
Snowed Under,0.00874,https://api.spotify.com/v1/audio-analysis/3yWmAwFNCrpdvc8nLeUimc,Keane,0.565,228827,0.715,neo mellow,,piano rock,pop rock,rock,,,,,,3yWmAwFNCrpdvc8nLeUimc,0.000714,5,0.0836,-6.717,1,4,46,0.026,130.028,4,https://api.spotify.com/v1/tracks/3yWmAwFNCrpdvc8nLeUimc,audio_features,spotify:track:3yWmAwFNCrpdvc8nLeUimc,0.326
Box Of Stones,0.64,https://api.spotify.com/v1/audio-analysis/0gYC5gGV1q2QAGd4wKk26Q,Benjamin Francis Leftwich,0.554,164040,0.48,chamber pop,,folk-pop,indie anthem-folk,indie folk,neo mellow,stomp and holler,,,,0gYC5gGV1q2QAGd4wKk26Q,0.000911,6,0.122,-8.141,1,6,36,0.0301,132.064,4,https://api.spotify.com/v1/tracks/0gYC5gGV1q2QAGd4wKk26Q,audio_features,spotify:track:0gYC5gGV1q2QAGd4wKk26Q,0.425
Everybody Knows,0.0437,https://api.spotify.com/v1/audio-analysis/12xQjCTsGm2JKWZklTOZnu,The Wanted,0.581,219324,0.695,boy band,,dance pop,pop,post-teen pop,viral pop,,,,,12xQjCTsGm2JKWZklTOZnu,0.0,2,0.261,-3.773,1,5,53,0.0352,149.047,4,https://api.spotify.com/v1/tracks/12xQjCTsGm2JKWZklTOZnu,audio_features,spotify:track:12xQjCTsGm2JKWZklTOZnu,0.264
Poli,0.659,https://api.spotify.com/v1/audio-analysis/5WsHtvVnbfY17VNF93rQ7w,Zoé,0.542,200608,0.702,latin alternative,,latin rock,mexican rock,rock en espanol,,,,,,5WsHtvVnbfY17VNF93rQ7w,0.0281,7,0.313,-8.605,1,4,57,0.0534,91.353,4,https://api.spotify.com/v1/tracks/5WsHtvVnbfY17VNF93rQ7w,audio_features,spotify:track:5WsHtvVnbfY17VNF93rQ7w,0.343
Man On The Moon,0.42,https://api.spotify.com/v1/audio-analysis/4jLv3tDBu8ww2R07DvL12s,R.E.M.,0.667,314173,0.699,alternative rock,,permanent wave,pop rock,rock,,,,,,4jLv3tDBu8ww2R07DvL12s,0.000442,7,0.201,-7.574,1,4,66,0.026,118.567,4,https://api.spotify.com/v1/tracks/4jLv3tDBu8ww2R07DvL12s,audio_features,spotify:track:4jLv3tDBu8ww2R07DvL12s,0.655
In the Blood,0.386,https://api.spotify.com/v1/audio-analysis/77Y57qRJBvkGCUw9qs0qMg,John Mayer,0.546,243667,0.657,neo mellow,,pop,pop rock,singer-songwriter,,,,,,77Y57qRJBvkGCUw9qs0qMg,1.03e-05,8,0.0983,-6.526,1,4,68,0.0255,80.007,4,https://api.spotify.com/v1/tracks/77Y57qRJBvkGCUw9qs0qMg,audio_features,spotify:track:77Y57qRJBvkGCUw9qs0qMg,0.52
Sleepsong,0.084,https://api.spotify.com/v1/audio-analysis/0D6EkCvMetAOPXTPmHW98Y,Bastille,0.5,221773,0.741,metropopolis,,modern rock,pop,,,,,,,0D6EkCvMetAOPXTPmHW98Y,0.0,5,0.322,-5.024,0,3,48,0.0468,83.048,4,https://api.spotify.com/v1/tracks/0D6EkCvMetAOPXTPmHW98Y,audio_features,spotify:track:0D6EkCvMetAOPXTPmHW98Y,0.295
King,0.0594,https://api.spotify.com/v1/audio-analysis/3AeicLnm55RqcXGBKYQolM,Years & Years,0.56,215360,0.857,dance pop,,gauze pop,pop,tropical house,uk pop,,,,,3AeicLnm55RqcXGBKYQolM,0.0,4,0.381,-4.145,0,5,69,0.0384,119.975,4,https://api.spotify.com/v1/tracks/3AeicLnm55RqcXGBKYQolM,audio_features,spotify:track:3AeicLnm55RqcXGBKYQolM,0.432
She Will Sing,0.49,https://api.spotify.com/v1/audio-analysis/2yVpADjZg3DY4GlCYimH63,Benjamin Francis Leftwich,0.605,224413,0.826,chamber pop,,folk-pop,indie anthem-folk,indie folk,neo mellow,stomp and holler,,,,2yVpADjZg3DY4GlCYimH63,0.000579,1,0.117,-6.584,1,6,45,0.0333,130.002,4,https://api.spotify.com/v1/tracks/2yVpADjZg3DY4GlCYimH63,audio_features,spotify:track:2yVpADjZg3DY4GlCYimH63,0.364
Wherever I Go,0.0915,https://api.spotify.com/v1/audio-analysis/46jLy47W8rkf8rEX04gMKB,OneRepublic,0.552,169773,0.689,dance pop,,neo mellow,piano rock,pop,pop rap,pop rock,post-teen pop,,,46jLy47W8rkf8rEX04gMKB,0.0,10,0.27,-6.444,0,7,65,0.0425,99.961,4,https://api.spotify.com/v1/tracks/46jLy47W8rkf8rEX04gMKB,audio_features,spotify:track:46jLy47W8rkf8rEX04gMKB,0.349
Arrullo De Estrellas,0.298,https://api.spotify.com/v1/audio-analysis/1p4rYrxjVkj6v2eMzRhLfA,Zoé,0.461,252693,0.74,latin alternative,,latin rock,mexican rock,rock en espanol,,,,,,1p4rYrxjVkj6v2eMzRhLfA,0.293,5,0.0742,-6.981,1,4,67,0.0355,81.548,4,https://api.spotify.com/v1/tracks/1p4rYrxjVkj6v2eMzRhLfA,audio_features,spotify:track:1p4rYrxjVkj6v2eMzRhLfA,0.408
Spiralling,0.036,https://api.spotify.com/v1/audio-analysis/6ddnsGbHiUVA4nxvIwLMri,Keane,0.621,204013,0.865,neo mellow,,piano rock,pop rock,rock,,,,,,6ddnsGbHiUVA4nxvIwLMri,1.54e-06,8,0.258,-5.836,1,4,48,0.0503,111.958,4,https://api.spotify.com/v1/tracks/6ddnsGbHiUVA4nxvIwLMri,audio_features,spotify:track:6ddnsGbHiUVA4nxvIwLMri,0.48
Close To Me (with Diplo) (feat. Swae Lee),0.0969,https://api.spotify.com/v1/audio-analysis/5JEx7HbmvHQQswJCsoo9rA,Ellie Goulding,0.574,182623,0.758,dance pop,,electropop,metropopolis,pop,post-teen pop,tropical house,,,,5JEx7HbmvHQQswJCsoo9rA,0.0,1,0.395,-5.029,0,6,89,0.0621,144.111,4,https://api.spotify.com/v1/tracks/5JEx7HbmvHQQswJCsoo9rA,audio_features,spotify:track:5JEx7HbmvHQQswJCsoo9rA,0.492
November,0.122,https://api.spotify.com/v1/audio-analysis/1dMOkSlIgQEgIKFTz4LqL6,Gabrielle Aplin,0.553,245560,0.661,acoustic pop,viral pop,dance pop,folk-pop,indie anthem-folk,indie folk,neo mellow,neo-singer-songwriter,pop,uk pop,1dMOkSlIgQEgIKFTz4LqL6,0.0271,3,0.113,-8.749,1,10,36,0.0629,119.933,4,https://api.spotify.com/v1/tracks/1dMOkSlIgQEgIKFTz4LqL6,audio_features,spotify:track:1dMOkSlIgQEgIKFTz4LqL6,0.119
Vía Láctea,0.0624,https://api.spotify.com/v1/audio-analysis/6atnxgdzkrtE36xaeSCK1e,Zoé,0.534,248133,0.759,latin alternative,,latin rock,mexican rock,rock en espanol,,,,,,6atnxgdzkrtE36xaeSCK1e,0.00484,7,0.104,-4.781,1,4,59,0.0469,150.976,4,https://api.spotify.com/v1/tracks/6atnxgdzkrtE36xaeSCK1e,audio_features,spotify:track:6atnxgdzkrtE36xaeSCK1e,0.574
Crystal Ball,7.62e-05,https://api.spotify.com/v1/audio-analysis/6Bo4HhUPdtnF8uuk8FF9ss,Keane,0.435,233960,0.97,neo mellow,,piano rock,pop rock,rock,,,,,,6Bo4HhUPdtnF8uuk8FF9ss,5.65e-05,10,0.0778,-3.615,0,4,51,0.0517,124.309,4,https://api.spotify.com/v1/tracks/6Bo4HhUPdtnF8uuk8FF9ss,audio_features,spotify:track:6Bo4HhUPdtnF8uuk8FF9ss,0.401
Everlasting,0.288,https://api.spotify.com/v1/audio-analysis/6hOpxOrcrIOGJ0u6Zk6mOs,Take That,0.628,229160,0.714,australian pop,,boy band,dance pop,europop,neo mellow,pop,,,,6hOpxOrcrIOGJ0u6Zk6mOs,0.0,0,0.269,-7.304,1,6,51,0.0436,120.526,4,https://api.spotify.com/v1/tracks/6hOpxOrcrIOGJ0u6Zk6mOs,audio_features,spotify:track:6hOpxOrcrIOGJ0u6Zk6mOs,0.491
Winds of Change,0.614,https://api.spotify.com/v1/audio-analysis/7JXxssBpAnroZOMR4vpOuc,Vance Joy,0.597,135827,0.581,indie folk,,modern rock,neo mellow,pop,,,,,,7JXxssBpAnroZOMR4vpOuc,0.000171,7,0.116,-6.611,1,4,47,0.0281,106.944,5,https://api.spotify.com/v1/tracks/7JXxssBpAnroZOMR4vpOuc,audio_features,spotify:track:7JXxssBpAnroZOMR4vpOuc,0.495
Emmylou,0.599,https://api.spotify.com/v1/audio-analysis/0uKyC5TIiwfeh0evennKOO,Vance Joy,0.591,280653,0.41,indie folk,,modern rock,neo mellow,pop,,,,,,0uKyC5TIiwfeh0evennKOO,0.000346,9,0.189,-8.762,0,4,51,0.0229,96.003,4,https://api.spotify.com/v1/tracks/0uKyC5TIiwfeh0evennKOO,audio_features,spotify:track:0uKyC5TIiwfeh0evennKOO,0.308
Hold My Girl,0.597,https://api.spotify.com/v1/audio-analysis/42bbDWZ8WmXTH7PkYAlGLu,George Ezra,0.614,211764,0.527,neo-singer-songwriter,,pop,,,,,,,,42bbDWZ8WmXTH7PkYAlGLu,0.0,10,0.11,-6.374,1,2,79,0.0302,121.941,4,https://api.spotify.com/v1/tracks/42bbDWZ8WmXTH7PkYAlGLu,audio_features,spotify:track:42bbDWZ8WmXTH7PkYAlGLu,0.354
What Would You Do,0.382,https://api.spotify.com/v1/audio-analysis/2WwzQJt4hG7YC6x16ZTYFM,Bastille,0.581,183333,0.732,metropopolis,,modern rock,pop,,,,,,,2WwzQJt4hG7YC6x16ZTYFM,0.00254,0,0.385,-6.024,1,3,57,0.0417,89.994,4,https://api.spotify.com/v1/tracks/2WwzQJt4hG7YC6x16ZTYFM,audio_features,spotify:track:2WwzQJt4hG7YC6x16ZTYFM,0.36
Cleopatra,0.228,https://api.spotify.com/v1/audio-analysis/2ToW7zhGCrVrLU4fiKj9U1,The Lumineers,0.536,201413,0.775,folk-pop,,indie folk,indie pop,modern rock,stomp and holler,,,,,2ToW7zhGCrVrLU4fiKj9U1,0.000143,8,0.0947,-6.765,1,5,64,0.0394,151.393,4,https://api.spotify.com/v1/tracks/2ToW7zhGCrVrLU4fiKj9U1,audio_features,spotify:track:2ToW7zhGCrVrLU4fiKj9U1,0.485
Devotion,0.386,https://api.spotify.com/v1/audio-analysis/2RziQjJfYozWXX5d2AyRYi,Ellie Goulding,0.644,226541,0.647,dance pop,,electropop,metropopolis,pop,post-teen pop,tropical house,,,,2RziQjJfYozWXX5d2AyRYi,0.0,0,0.0879,-7.287,0,6,41,0.0436,131.014,4,https://api.spotify.com/v1/tracks/2RziQjJfYozWXX5d2AyRYi,audio_features,spotify:track:2RziQjJfYozWXX5d2AyRYi,0.476
Riptide,0.431,https://api.spotify.com/v1/audio-analysis/3JvrhDOgAt6p7K8mDyZwRd,Vance Joy,0.484,204280,0.731,indie folk,,modern rock,neo mellow,pop,,,,,,3JvrhDOgAt6p7K8mDyZwRd,0.0,1,0.151,-6.694,1,4,77,0.0379,101.654,4,https://api.spotify.com/v1/tracks/3JvrhDOgAt6p7K8mDyZwRd,audio_features,spotify:track:3JvrhDOgAt6p7K8mDyZwRd,0.51
Night Bus,0.00374,https://api.spotify.com/v1/audio-analysis/4pCUMrVlDuWIk6X03VDvT2,Gabrielle Aplin,0.458,221827,0.815,acoustic pop,viral pop,dance pop,folk-pop,indie anthem-folk,indie folk,neo mellow,neo-singer-songwriter,pop,uk pop,4pCUMrVlDuWIk6X03VDvT2,1.05e-05,1,0.115,-7.16,0,10,56,0.0514,118.226,4,https://api.spotify.com/v1/tracks/4pCUMrVlDuWIk6X03VDvT2,audio_features,spotify:track:4pCUMrVlDuWIk6X03VDvT2,0.362
Intro,0.46,https://api.spotify.com/v1/audio-analysis/0bXpmJyHHYPk6QBFj25bYF,The xx,0.607,127920,0.789,downtempo,,dream pop,indie rock,indietronica,pop,,,,,0bXpmJyHHYPk6QBFj25bYF,0.907,9,0.128,-8.87,0,5,72,0.0278,100.351,4,https://api.spotify.com/v1/tracks/0bXpmJyHHYPk6QBFj25bYF,audio_features,spotify:track:0bXpmJyHHYPk6QBFj25bYF,0.16
Secret Tattoo,0.398,https://api.spotify.com/v1/audio-analysis/4wSYUVY7goMZyonPdDwHD3,Scouting For Girls,0.571,227507,0.701,neo mellow,,pop,,,,,,,,4wSYUVY7goMZyonPdDwHD3,0.0,7,0.206,-4.524,1,2,48,0.0342,79.026,4,https://api.spotify.com/v1/tracks/4wSYUVY7goMZyonPdDwHD3,audio_features,spotify:track:4wSYUVY7goMZyonPdDwHD3,0.514
Son of an Only Child,0.253,https://api.spotify.com/v1/audio-analysis/0fyXMWt9jXiay6nL3Ht4cw,Tom Odell,0.615,275093,0.624,indie folk,,neo mellow,pop,,,,,,,0fyXMWt9jXiay6nL3Ht4cw,0.0,0,0.0886,-5.198,1,3,44,0.0275,131.968,4,https://api.spotify.com/v1/tracks/0fyXMWt9jXiay6nL3Ht4cw,audio_features,spotify:track:0fyXMWt9jXiay6nL3Ht4cw,0.375
These Streets,0.266,https://api.spotify.com/v1/audio-analysis/1y4S5YgR2Ikj9ffihnoGRH,Bastille,0.614,175147,0.766,metropopolis,,modern rock,pop,,,,,,,1y4S5YgR2Ikj9ffihnoGRH,2.1e-05,9,0.176,-6.079,0,3,50,0.0386,97.51,4,https://api.spotify.com/v1/tracks/1y4S5YgR2Ikj9ffihnoGRH,audio_features,spotify:track:1y4S5YgR2Ikj9ffihnoGRH,0.51
Thin Air,0.00379,https://api.spotify.com/v1/audio-analysis/31dHe2I4tzOKT0ypVpVsuu,Keane,0.546,236987,0.723,neo mellow,,piano rock,pop rock,rock,,,,,,31dHe2I4tzOKT0ypVpVsuu,0.0,0,0.0808,-6.948,1,4,50,0.0292,122.044,4,https://api.spotify.com/v1/tracks/31dHe2I4tzOKT0ypVpVsuu,audio_features,spotify:track:31dHe2I4tzOKT0ypVpVsuu,0.304
REMEDY,0.269,https://api.spotify.com/v1/audio-analysis/6jreFSOTUAViWjKyzOC4Kg,Alesso,0.601,190295,0.775,big room,,dance pop,edm,electro house,pop,progressive electro house,tropical house,,,6jreFSOTUAViWjKyzOC4Kg,0.0,0,0.0883,-4.612,1,7,81,0.0473,119.964,4,https://api.spotify.com/v1/tracks/6jreFSOTUAViWjKyzOC4Kg,audio_features,spotify:track:6jreFSOTUAViWjKyzOC4Kg,0.483
Stupid Love Song - 2006 Demo,0.285,https://api.spotify.com/v1/audio-analysis/12lO5bYDW3k8y0Fr4BP7DU,Scouting For Girls,0.579,196760,0.831,neo mellow,,pop,,,,,,,,12lO5bYDW3k8y0Fr4BP7DU,7.39e-05,7,0.0495,-5.257,1,2,35,0.0354,154.992,4,https://api.spotify.com/v1/tracks/12lO5bYDW3k8y0Fr4BP7DU,audio_features,spotify:track:12lO5bYDW3k8y0Fr4BP7DU,0.438
Fantasma,0.108,https://api.spotify.com/v1/audio-analysis/27tR3saB1q7kFlZsnjdLu7,Zoé,0.503,262849,0.7,latin alternative,,latin rock,mexican rock,rock en espanol,,,,,,27tR3saB1q7kFlZsnjdLu7,0.18,0,0.134,-7.33,1,4,51,0.0328,80.287,4,https://api.spotify.com/v1/tracks/27tR3saB1q7kFlZsnjdLu7,audio_features,spotify:track:27tR3saB1q7kFlZsnjdLu7,0.375
A Bad Dream,0.00731,https://api.spotify.com/v1/audio-analysis/5bbCUTcTiUu1ZZjfmKTry1,Keane,0.408,304280,0.729,neo mellow,,piano rock,pop rock,rock,,,,,,5bbCUTcTiUu1ZZjfmKTry1,4.02e-06,1,0.172,-4.918,1,4,50,0.0302,145.068,4,https://api.spotify.com/v1/tracks/5bbCUTcTiUu1ZZjfmKTry1,audio_features,spotify:track:5bbCUTcTiUu1ZZjfmKTry1,0.279
Secrets,0.098,https://api.spotify.com/v1/audio-analysis/1NhPKVLsHhFUHIOZ32QnS2,OneRepublic,0.515,224693,0.767,dance pop,,neo mellow,piano rock,pop,pop rap,pop rock,post-teen pop,,,1NhPKVLsHhFUHIOZ32QnS2,0.0,2,0.121,-6.199,1,7,75,0.0352,148.024,4,https://api.spotify.com/v1/tracks/1NhPKVLsHhFUHIOZ32QnS2,audio_features,spotify:track:1NhPKVLsHhFUHIOZ32QnS2,0.38
Warzone,0.19,https://api.spotify.com/v1/audio-analysis/6MHeQK5HbzLFIUzfbyt8pO,The Wanted,0.614,218825,0.727,boy band,,dance pop,pop,post-teen pop,viral pop,,,,,6MHeQK5HbzLFIUzfbyt8pO,7.23e-05,5,0.273,-4.915,1,5,46,0.0274,122.052,4,https://api.spotify.com/v1/tracks/6MHeQK5HbzLFIUzfbyt8pO,audio_features,spotify:track:6MHeQK5HbzLFIUzfbyt8pO,0.223
Evaporate,0.0187,https://api.spotify.com/v1/audio-analysis/1dbRgKPEqltUMv524tkI3R,Gabrielle Aplin,0.549,212373,0.604,acoustic pop,viral pop,dance pop,folk-pop,indie anthem-folk,indie folk,neo mellow,neo-singer-songwriter,pop,uk pop,1dbRgKPEqltUMv524tkI3R,0.0,4,0.108,-8.477,1,10,32,0.037,124.993,4,https://api.spotify.com/v1/tracks/1dbRgKPEqltUMv524tkI3R,audio_features,spotify:track:1dbRgKPEqltUMv524tkI3R,0.222
Barcelona,0.293,https://api.spotify.com/v1/audio-analysis/1yJZwBqTyGTB7mz8nZyiel,George Ezra,0.629,188960,0.577,neo-singer-songwriter,,pop,,,,,,,,1yJZwBqTyGTB7mz8nZyiel,0.00115,5,0.109,-9.306,1,2,69,0.0306,93.997,4,https://api.spotify.com/v1/tracks/1yJZwBqTyGTB7mz8nZyiel,audio_features,spotify:track:1yJZwBqTyGTB7mz8nZyiel,0.171
Choke,0.336,https://api.spotify.com/v1/audio-analysis/5xtliWYBVT4cKo9BtBn43B,OneRepublic,0.583,226760,0.628,dance pop,,neo mellow,piano rock,pop,pop rap,pop rock,post-teen pop,,,5xtliWYBVT4cKo9BtBn43B,0.0,4,0.12,-6.288,0,7,55,0.0363,92.037,4,https://api.spotify.com/v1/tracks/5xtliWYBVT4cKo9BtBn43B,audio_features,spotify:track:5xtliWYBVT4cKo9BtBn43B,0.282
Pure Morning,0.859,https://api.spotify.com/v1/audio-analysis/0X3yyo80yNNOGpudSdn6NE,Benjamin Francis Leftwich,0.638,196398,0.558,chamber pop,,folk-pop,indie anthem-folk,indie folk,neo mellow,stomp and holler,,,,0X3yyo80yNNOGpudSdn6NE,2.92e-06,2,0.0982,-7.977,0,6,29,0.0307,122.957,4,https://api.spotify.com/v1/tracks/0X3yyo80yNNOGpudSdn6NE,audio_features,spotify:track:0X3yyo80yNNOGpudSdn6NE,0.446
Four Walls (The Ballad Of Perry Smith),0.618,https://api.spotify.com/v1/audio-analysis/6ezPXXacQCCz2wIzg4sEAj,Bastille,0.704,252147,0.561,metropopolis,,modern rock,pop,,,,,,,6ezPXXacQCCz2wIzg4sEAj,0.0,4,0.0573,-5.376,0,3,54,0.0473,120.004,4,https://api.spotify.com/v1/tracks/6ezPXXacQCCz2wIzg4sEAj,audio_features,spotify:track:6ezPXXacQCCz2wIzg4sEAj,0.377
She Has No Time,0.531,https://api.spotify.com/v1/audio-analysis/2J6nVpYkMJI6KQcn11Lcjw,Keane,0.532,345920,0.558,neo mellow,,piano rock,pop rock,rock,,,,,,2J6nVpYkMJI6KQcn11Lcjw,0.000476,0,0.0719,-8.844,1,4,45,0.0315,141.993,4,https://api.spotify.com/v1/tracks/2J6nVpYkMJI6KQcn11Lcjw,audio_features,spotify:track:2J6nVpYkMJI6KQcn11Lcjw,0.101
Luci,0.628,https://api.spotify.com/v1/audio-analysis/6BhxOehTmQIK62WaX6FAKw,Zoé,0.482,247920,0.588,latin alternative,,latin rock,mexican rock,rock en espanol,,,,,,6BhxOehTmQIK62WaX6FAKw,0.294,4,0.0776,-6.802,0,4,48,0.028,123.155,4,https://api.spotify.com/v1/tracks/6BhxOehTmQIK62WaX6FAKw,audio_features,spotify:track:6BhxOehTmQIK62WaX6FAKw,0.301
From Afar,0.489,https://api.spotify.com/v1/audio-analysis/2tRxW2A9eyYmHv3JihIikW,Vance Joy,0.327,262200,0.412,indie folk,,modern rock,neo mellow,pop,,,,,,2tRxW2A9eyYmHv3JihIikW,7.72e-06,0,0.308,-8.511,1,4,52,0.029,86.419,4,https://api.spotify.com/v1/tracks/2tRxW2A9eyYmHv3JihIikW,audio_features,spotify:track:2tRxW2A9eyYmHv3JihIikW,0.173
Trail Of Broken Hearts,0.466,https://api.spotify.com/v1/audio-analysis/2jvyAf5OHEb23xzaO4wTU3,James Blunt,0.646,266884,0.679,neo mellow,,pop,pop rock,,,,,,,2jvyAf5OHEb23xzaO4wTU3,0.0,0,0.126,-6.788,1,3,45,0.0334,111.998,4,https://api.spotify.com/v1/tracks/2jvyAf5OHEb23xzaO4wTU3,audio_features,spotify:track:2jvyAf5OHEb23xzaO4wTU3,0.342
If We're Alright,0.13,https://api.spotify.com/v1/audio-analysis/34Nw6We8ztnzyfTwf7j04m,The Wanted,0.609,220231,0.759,boy band,,dance pop,pop,post-teen pop,viral pop,,,,,34Nw6We8ztnzyfTwf7j04m,0.0,8,0.0789,-3.679,1,5,39,0.0342,140.001,4,https://api.spotify.com/v1/tracks/34Nw6We8ztnzyfTwf7j04m,audio_features,spotify:track:34Nw6We8ztnzyfTwf7j04m,0.425
Clear Skies,0.00836,https://api.spotify.com/v1/audio-analysis/2HhAj2eGwoHZKoR6J1XJ34,Keane,0.679,293107,0.944,neo mellow,,piano rock,pop rock,rock,,,,,,2HhAj2eGwoHZKoR6J1XJ34,0.008,9,0.143,-6.662,0,4,40,0.0405,129.996,4,https://api.spotify.com/v1/tracks/2HhAj2eGwoHZKoR6J1XJ34,audio_features,spotify:track:2HhAj2eGwoHZKoR6J1XJ34,0.926
Black Burning Heart,0.0169,https://api.spotify.com/v1/audio-analysis/7LiepDAGkGwNGSN26zxz4h,Keane,0.501,323373,0.724,neo mellow,,piano rock,pop rock,rock,,,,,,7LiepDAGkGwNGSN26zxz4h,2.9e-06,11,0.0965,-4.731,0,4,41,0.0394,132.982,4,https://api.spotify.com/v1/tracks/7LiepDAGkGwNGSN26zxz4h,audio_features,spotify:track:7LiepDAGkGwNGSN26zxz4h,0.325
The Writer,0.162,https://api.spotify.com/v1/audio-analysis/2jfo71bLqJLL1PRttzBg9N,Ellie Goulding,0.521,251280,0.655,dance pop,,electropop,metropopolis,pop,post-teen pop,tropical house,,,,2jfo71bLqJLL1PRttzBg9N,0.0,9,0.117,-5.325,1,6,50,0.0297,104.913,3,https://api.spotify.com/v1/tracks/2jfo71bLqJLL1PRttzBg9N,audio_features,spotify:track:2jfo71bLqJLL1PRttzBg9N,0.293
If I Lose Myself - Alesso vs OneRepublic,0.256,https://api.spotify.com/v1/audio-analysis/3ScJy88F8KqGDfWu8XJhHx,OneRepublic,0.519,215187,0.766,dance pop,,neo mellow,piano rock,pop,pop rap,pop rock,post-teen pop,,,3ScJy88F8KqGDfWu8XJhHx,6.22e-06,2,0.142,-5.647,1,7,67,0.0404,125.979,4,https://api.spotify.com/v1/tracks/3ScJy88F8KqGDfWu8XJhHx,audio_features,spotify:track:3ScJy88F8KqGDfWu8XJhHx,0.166
Sombras - Live,0.367,https://api.spotify.com/v1/audio-analysis/025ocYl9BtoWxIBP9uxrZ2,Zoé,0.506,252307,0.563,latin alternative,,latin rock,mexican rock,rock en espanol,,,,,,025ocYl9BtoWxIBP9uxrZ2,0.00278,0,0.974,-10.0,1,4,55,0.0464,146.942,4,https://api.spotify.com/v1/tracks/025ocYl9BtoWxIBP9uxrZ2,audio_features,spotify:track:025ocYl9BtoWxIBP9uxrZ2,0.056
My Blood,0.552,https://api.spotify.com/v1/audio-analysis/5vNCK8yq3luCijCdmqr7S4,Ellie Goulding,0.475,234185,0.554,dance pop,,electropop,metropopolis,pop,post-teen pop,tropical house,,,,5vNCK8yq3luCijCdmqr7S4,0.0,9,0.212,-6.464,0,6,44,0.0288,87.148,4,https://api.spotify.com/v1/tracks/5vNCK8yq3luCijCdmqr7S4,audio_features,spotify:track:5vNCK8yq3luCijCdmqr7S4,0.331
Icarus,0.0712,https://api.spotify.com/v1/audio-analysis/2bVb4JtkhgZk7a8W3f3tOr,Bastille,0.583,225040,0.778,metropopolis,,modern rock,pop,,,,,,,2bVb4JtkhgZk7a8W3f3tOr,1.23e-06,4,0.0753,-6.578,0,3,47,0.0459,134.945,4,https://api.spotify.com/v1/tracks/2bVb4JtkhgZk7a8W3f3tOr,audio_features,spotify:track:2bVb4JtkhgZk7a8W3f3tOr,0.673
Everybody's Changing,0.0014,https://api.spotify.com/v1/audio-analysis/0yac0FPhLRH9i9lOng3f81,Keane,0.517,215880,0.839,neo mellow,,piano rock,pop rock,rock,,,,,,0yac0FPhLRH9i9lOng3f81,0.000365,0,0.108,-3.521,1,4,72,0.0287,94.016,4,https://api.spotify.com/v1/tracks/0yac0FPhLRH9i9lOng3f81,audio_features,spotify:track:0yac0FPhLRH9i9lOng3f81,0.416
Pretty Shining People,0.14,https://api.spotify.com/v1/audio-analysis/2JVwsN6viHjR9t5pCPQ4Br,George Ezra,0.584,212447,0.726,neo-singer-songwriter,,pop,,,,,,,,2JVwsN6viHjR9t5pCPQ4Br,0.0,1,0.0984,-4.604,1,2,76,0.0371,106.979,4,https://api.spotify.com/v1/tracks/2JVwsN6viHjR9t5pCPQ4Br,audio_features,spotify:track:2JVwsN6viHjR9t5pCPQ4Br,0.398
Andrómeda,0.662,https://api.spotify.com/v1/audio-analysis/3lA87gnTdcPDkH3toSDMAm,Zoé,0.584,224320,0.605,latin alternative,,latin rock,mexican rock,rock en espanol,,,,,,3lA87gnTdcPDkH3toSDMAm,4.72e-05,2,0.129,-9.55,1,4,55,0.0346,93.01,4,https://api.spotify.com/v1/tracks/3lA87gnTdcPDkH3toSDMAm,audio_features,spotify:track:3lA87gnTdcPDkH3toSDMAm,0.186
With You (feat. Wrabel),0.424,https://api.spotify.com/v1/audio-analysis/7gleE2w0CsjsWCs184n522,Kygo,0.618,210573,0.805,edm,,pop,tropical house,,,,,,,7gleE2w0CsjsWCs184n522,0.00796,0,0.332,-4.731,1,3,60,0.0463,101.022,4,https://api.spotify.com/v1/tracks/7gleE2w0CsjsWCs184n522,audio_features,spotify:track:7gleE2w0CsjsWCs184n522,0.335
I Know,0.296,https://api.spotify.com/v1/audio-analysis/2447kmmuvZ1GsqUczFZZoj,Tom Odell,0.533,232627,0.697,indie folk,,neo mellow,pop,,,,,,,2447kmmuvZ1GsqUczFZZoj,0.0,6,0.0665,-7.34,1,3,51,0.0349,148.031,4,https://api.spotify.com/v1/tracks/2447kmmuvZ1GsqUczFZZoj,audio_features,spotify:track:2447kmmuvZ1GsqUczFZZoj,0.46
We All Die Trying to Get It Right,0.252,https://api.spotify.com/v1/audio-analysis/3no7Z1VqcqQ7ztVljPEjI0,Vance Joy,0.333,247560,0.58,indie folk,,modern rock,neo mellow,pop,,,,,,3no7Z1VqcqQ7ztVljPEjI0,0.00218,7,0.0541,-8.511,1,4,48,0.0295,106.852,4,https://api.spotify.com/v1/tracks/3no7Z1VqcqQ7ztVljPEjI0,audio_features,spotify:track:3no7Z1VqcqQ7ztVljPEjI0,0.0907
"Meteorite - From ""Bridget Jones's Baby"" Original Motion Picture Soundtrack",0.0541,https://api.spotify.com/v1/audio-analysis/6CuITtPAI0l5CIr86J2jNr,Years & Years,0.607,205608,0.835,dance pop,,gauze pop,pop,tropical house,uk pop,,,,,6CuITtPAI0l5CIr86J2jNr,0.0,7,0.239,-5.194,1,5,52,0.05,120.002,4,https://api.spotify.com/v1/tracks/6CuITtPAI0l5CIr86J2jNr,audio_features,spotify:track:6CuITtPAI0l5CIr86J2jNr,0.608
Lightning,0.00182,https://api.spotify.com/v1/audio-analysis/5ZndIlfBM43CegOSMwAMc9,The Wanted,0.613,203619,0.885,boy band,,dance pop,pop,post-teen pop,viral pop,,,,,5ZndIlfBM43CegOSMwAMc9,0.000348,3,0.105,-4.196,1,5,44,0.0407,134.929,4,https://api.spotify.com/v1/tracks/5ZndIlfBM43CegOSMwAMc9,audio_features,spotify:track:5ZndIlfBM43CegOSMwAMc9,0.381
What Did You Do?,0.165,https://api.spotify.com/v1/audio-analysis/2YkROn3kEv8On5fn6tlJ4G,Gabrielle Aplin,0.517,261120,0.763,acoustic pop,viral pop,dance pop,folk-pop,indie anthem-folk,indie folk,neo mellow,neo-singer-songwriter,pop,uk pop,2YkROn3kEv8On5fn6tlJ4G,0.00054,9,0.27,-5.519,1,10,37,0.0337,105.02,4,https://api.spotify.com/v1/tracks/2YkROn3kEv8On5fn6tlJ4G,audio_features,spotify:track:2YkROn3kEv8On5fn6tlJ4G,0.226
What If I'm Wrong,0.359,https://api.spotify.com/v1/audio-analysis/23z3hpNX4REbHqbCuUEZYL,The Temper Trap,0.492,294800,0.698,alternative dance,,indie pop,indie rock,indietronica,modern rock,,,,,23z3hpNX4REbHqbCuUEZYL,0.614,10,0.0964,-6.0,1,5,8,0.0269,84.929,4,https://api.spotify.com/v1/tracks/23z3hpNX4REbHqbCuUEZYL,audio_features,spotify:track:23z3hpNX4REbHqbCuUEZYL,0.276
Your Love,0.00111,https://api.spotify.com/v1/audio-analysis/6if7mbfiCOjfPsehDXls1I,Keane,0.648,276720,0.641,neo mellow,,piano rock,pop rock,rock,,,,,,6if7mbfiCOjfPsehDXls1I,4.11e-06,5,0.327,-7.815,1,4,39,0.0244,106.0,4,https://api.spotify.com/v1/tracks/6if7mbfiCOjfPsehDXls1I,audio_features,spotify:track:6if7mbfiCOjfPsehDXls1I,0.429
All For You,0.135,https://api.spotify.com/v1/audio-analysis/2ehnD9UaRVYK6GeUmBFCez,Years & Years,0.65,219640,0.718,dance pop,,gauze pop,pop,tropical house,uk pop,,,,,2ehnD9UaRVYK6GeUmBFCez,9.53e-05,1,0.106,-4.365,0,5,66,0.0384,114.034,4,https://api.spotify.com/v1/tracks/2ehnD9UaRVYK6GeUmBFCez,audio_features,spotify:track:2ehnD9UaRVYK6GeUmBFCez,0.686
Angela,0.649,https://api.spotify.com/v1/audio-analysis/5bodDpPolC3xlame0SVcDY,The Lumineers,0.668,201786,0.563,folk-pop,,indie folk,indie pop,modern rock,stomp and holler,,,,,5bodDpPolC3xlame0SVcDY,0.000347,4,0.11,-8.23,1,5,62,0.0305,130.366,4,https://api.spotify.com/v1/tracks/5bodDpPolC3xlame0SVcDY,audio_features,spotify:track:5bodDpPolC3xlame0SVcDY,0.289
Again & Again,0.000978,https://api.spotify.com/v1/audio-analysis/3QSHOxPRLiDA8oMCE0iSJ7,Keane,0.459,230107,0.803,neo mellow,,piano rock,pop rock,rock,,,,,,3QSHOxPRLiDA8oMCE0iSJ7,7.97e-06,2,0.158,-3.975,0,4,40,0.0379,140.34,4,https://api.spotify.com/v1/tracks/3QSHOxPRLiDA8oMCE0iSJ7,audio_features,spotify:track:3QSHOxPRLiDA8oMCE0iSJ7,0.393
Burn,0.31,https://api.spotify.com/v1/audio-analysis/2GgxS8bUT5G25QJTsfSv0R,Ellie Goulding,0.559,231212,0.777,dance pop,,electropop,metropopolis,pop,post-teen pop,tropical house,,,,2GgxS8bUT5G25QJTsfSv0R,0.0,1,0.105,-5.031,1,6,70,0.0432,87.016,4,https://api.spotify.com/v1/tracks/2GgxS8bUT5G25QJTsfSv0R,audio_features,spotify:track:2GgxS8bUT5G25QJTsfSv0R,0.329
1977,0.394,https://api.spotify.com/v1/audio-analysis/6BVRm85n4H7hLkRcz1v6VW,Years & Years,0.61,180613,0.451,dance pop,,gauze pop,pop,tropical house,uk pop,,,,,6BVRm85n4H7hLkRcz1v6VW,0.000459,5,0.068,-7.366,0,5,40,0.0316,154.087,4,https://api.spotify.com/v1/tracks/6BVRm85n4H7hLkRcz1v6VW,audio_features,spotify:track:6BVRm85n4H7hLkRcz1v6VW,0.605
No Hay Mal Que Dure,0.27,https://api.spotify.com/v1/audio-analysis/5YExs1OO0ol2fIaRm7WmLN,Zoé,0.46,292120,0.747,latin alternative,,latin rock,mexican rock,rock en espanol,,,,,,5YExs1OO0ol2fIaRm7WmLN,0.875,0,0.126,-7.544,1,4,61,0.0289,161.495,4,https://api.spotify.com/v1/tracks/5YExs1OO0ol2fIaRm7WmLN,audio_features,spotify:track:5YExs1OO0ol2fIaRm7WmLN,0.535
Georgia,0.312,https://api.spotify.com/v1/audio-analysis/429EttO8gs0bDo2SQfUNSm,Vance Joy,0.388,230507,0.66,indie folk,,modern rock,neo mellow,pop,,,,,,429EttO8gs0bDo2SQfUNSm,0.000307,11,0.0943,-7.372,1,4,71,0.0308,143.554,4,https://api.spotify.com/v1/tracks/429EttO8gs0bDo2SQfUNSm,audio_features,spotify:track:429EttO8gs0bDo2SQfUNSm,0.401
Happy to Hang Around,0.37,https://api.spotify.com/v1/audio-analysis/3XDajvlLyZcgozsDEfNmf6,Travis,0.558,214467,0.793,britpop,,indie rock,neo mellow,pop rock,rock,,,,,3XDajvlLyZcgozsDEfNmf6,0.0,11,0.148,-5.332,0,5,32,0.0351,139.914,4,https://api.spotify.com/v1/tracks/3XDajvlLyZcgozsDEfNmf6,audio_features,spotify:track:3XDajvlLyZcgozsDEfNmf6,0.728
Do You Have a Little Time,0.412,https://api.spotify.com/v1/audio-analysis/1hoaBZ9LLKBs5msZUD8Qrb,Dido,0.581,235067,0.522,dance pop,,folk-pop,neo mellow,new wave pop,pop,pop rock,,,,1hoaBZ9LLKBs5msZUD8Qrb,8.5e-05,4,0.147,-6.166,0,6,36,0.0364,73.981,4,https://api.spotify.com/v1/tracks/1hoaBZ9LLKBs5msZUD8Qrb,audio_features,spotify:track:1hoaBZ9LLKBs5msZUD8Qrb,0.359
Al Final,0.42,https://api.spotify.com/v1/audio-analysis/40dnqAWMjH8cMlgoE1ANjn,Zoé,0.524,274027,0.603,latin alternative,,latin rock,mexican rock,rock en espanol,,,,,,40dnqAWMjH8cMlgoE1ANjn,0.309,4,0.274,-7.396,1,4,49,0.028,135.044,4,https://api.spotify.com/v1/tracks/40dnqAWMjH8cMlgoE1ANjn,audio_features,spotify:track:40dnqAWMjH8cMlgoE1ANjn,0.393
Overjoyed,0.222,https://api.spotify.com/v1/audio-analysis/0DXSFW60giCV8wC26lBaMf,Bastille,0.433,206253,0.719,metropopolis,,modern rock,pop,,,,,,,0DXSFW60giCV8wC26lBaMf,0.000573,0,0.12,-5.586,1,3,50,0.0486,158.117,4,https://api.spotify.com/v1/tracks/0DXSFW60giCV8wC26lBaMf,audio_features,spotify:track:0DXSFW60giCV8wC26lBaMf,0.0793
Crashing Into You,0.535,https://api.spotify.com/v1/audio-analysis/17FEpCqKLVOIMHp35sUIlg,Vance Joy,0.679,188133,0.639,indie folk,,modern rock,neo mellow,pop,,,,,,17FEpCqKLVOIMHp35sUIlg,0.000577,7,0.0795,-4.979,1,4,55,0.0251,104.998,4,https://api.spotify.com/v1/tracks/17FEpCqKLVOIMHp35sUIlg,audio_features,spotify:track:17FEpCqKLVOIMHp35sUIlg,0.315
Look Ma!,0.455,https://api.spotify.com/v1/audio-analysis/20tBI00G1QMWc1ncRUkB9r,Benjamin Francis Leftwich,0.574,176083,0.482,chamber pop,,folk-pop,indie anthem-folk,indie folk,neo mellow,stomp and holler,,,,20tBI00G1QMWc1ncRUkB9r,4.9e-06,8,0.125,-9.66,1,6,56,0.0327,124.971,4,https://api.spotify.com/v1/tracks/20tBI00G1QMWc1ncRUkB9r,audio_features,spotify:track:20tBI00G1QMWc1ncRUkB9r,0.357
1904,0.763,https://api.spotify.com/v1/audio-analysis/5Uv9EDLLy2pkqkqcRa4tIG,Benjamin Francis Leftwich,0.598,247640,0.502,chamber pop,,folk-pop,indie anthem-folk,indie folk,neo mellow,stomp and holler,,,,5Uv9EDLLy2pkqkqcRa4tIG,0.121,8,0.33,-8.813,1,6,40,0.0272,125.997,4,https://api.spotify.com/v1/tracks/5Uv9EDLLy2pkqkqcRa4tIG,audio_features,spotify:track:5Uv9EDLLy2pkqkqcRa4tIG,0.543
A Heart To Hold You - Jo Whiley Show - BBC Session 24/11/2004,0.871,https://api.spotify.com/v1/audio-analysis/3ecR05az0L8F4ocH8ZuStl,Keane,0.402,237893,0.256,neo mellow,,piano rock,pop rock,rock,,,,,,3ecR05az0L8F4ocH8ZuStl,0.000123,2,0.131,-10.389,1,4,42,0.029,139.636,4,https://api.spotify.com/v1/tracks/3ecR05az0L8F4ocH8ZuStl,audio_features,spotify:track:3ecR05az0L8F4ocH8ZuStl,0.153
Let's Hurt Tonight,0.36,https://api.spotify.com/v1/audio-analysis/05sCp83gcMm1iecYydKJS3,OneRepublic,0.459,194520,0.706,dance pop,,neo mellow,piano rock,pop,pop rap,pop rock,post-teen pop,,,05sCp83gcMm1iecYydKJS3,1.62e-06,5,0.256,-4.467,1,7,66,0.033,65.163,4,https://api.spotify.com/v1/tracks/05sCp83gcMm1iecYydKJS3,audio_features,spotify:track:05sCp83gcMm1iecYydKJS3,0.315
Basket Case - From ‘The Tick’ TV Series,0.404,https://api.spotify.com/v1/audio-analysis/3cfhXgklWpx5fCSYZOp9Wb,Bastille,0.592,153549,0.575,metropopolis,,modern rock,pop,,,,,,,3cfhXgklWpx5fCSYZOp9Wb,0.0,1,0.102,-5.679,1,3,55,0.0638,77.454,4,https://api.spotify.com/v1/tracks/3cfhXgklWpx5fCSYZOp9Wb,audio_features,spotify:track:3cfhXgklWpx5fCSYZOp9Wb,0.422
The District Sleeps Alone Tonight,0.625,https://api.spotify.com/v1/audio-analysis/6aeNuqAB8YFxVPWkI7ffmm,Birdy,0.607,284413,0.588,dance pop,,neo mellow,pop,,,,,,,6aeNuqAB8YFxVPWkI7ffmm,0.00131,0,0.103,-7.619,1,3,48,0.0331,135.517,4,https://api.spotify.com/v1/tracks/6aeNuqAB8YFxVPWkI7ffmm,audio_features,spotify:track:6aeNuqAB8YFxVPWkI7ffmm,0.568
Reckoner,0.511,https://api.spotify.com/v1/audio-analysis/56Z7hbyMrndw1naxb6I5Oi,Radiohead,0.518,290213,0.656,alternative rock,,art rock,melancholia,modern rock,oxford indie,permanent wave,rock,,,56Z7hbyMrndw1naxb6I5Oi,0.156,4,0.0679,-7.438,0,7,62,0.0264,104.282,4,https://api.spotify.com/v1/tracks/56Z7hbyMrndw1naxb6I5Oi,audio_features,spotify:track:56Z7hbyMrndw1naxb6I5Oi,0.203
Aurora Boreal - Live,0.308,https://api.spotify.com/v1/audio-analysis/3Olg6CNxpELYzffgT8Yq5Z,León Larregui,0.569,313147,0.599,latin alternative,,latin rock,rock en espanol,,,,,,,3Olg6CNxpELYzffgT8Yq5Z,0.0655,9,0.94,-8.239,1,3,44,0.0356,123.024,4,https://api.spotify.com/v1/tracks/3Olg6CNxpELYzffgT8Yq5Z,audio_features,spotify:track:3Olg6CNxpELYzffgT8Yq5Z,0.26
Stop And Stare,0.0593,https://api.spotify.com/v1/audio-analysis/48s0QHJgmiNsth3WEO6U4M,OneRepublic,0.49,223853,0.849,dance pop,,neo mellow,piano rock,pop,pop rap,pop rock,post-teen pop,,,48s0QHJgmiNsth3WEO6U4M,0.0,4,0.082,-4.234,1,7,60,0.035,92.494,4,https://api.spotify.com/v1/tracks/48s0QHJgmiNsth3WEO6U4M,audio_features,spotify:track:48s0QHJgmiNsth3WEO6U4M,0.303
Somewhere Only We Know,0.06,https://api.spotify.com/v1/audio-analysis/1SKPmfSYaPsETbRHaiA18G,Keane,0.448,237147,0.665,neo mellow,,piano rock,pop rock,rock,,,,,,1SKPmfSYaPsETbRHaiA18G,2.55e-05,9,0.0828,-4.203,1,4,76,0.026,172.004,4,https://api.spotify.com/v1/tracks/1SKPmfSYaPsETbRHaiA18G,audio_features,spotify:track:1SKPmfSYaPsETbRHaiA18G,0.304
Best That I Can,0.487,https://api.spotify.com/v1/audio-analysis/66lSkZbQUDpO7bo4Rfxhvb,Vance Joy,0.434,210320,0.393,indie folk,,modern rock,neo mellow,pop,,,,,,66lSkZbQUDpO7bo4Rfxhvb,2.73e-05,11,0.129,-7.738,1,4,48,0.0343,171.945,3,https://api.spotify.com/v1/tracks/66lSkZbQUDpO7bo4Rfxhvb,audio_features,spotify:track:66lSkZbQUDpO7bo4Rfxhvb,0.127
Watch How You Go,0.251,https://api.spotify.com/v1/audio-analysis/3Wxu8QRCZdTvwFvwtWOMst,Keane,0.498,220387,0.443,neo mellow,,piano rock,pop rock,rock,,,,,,3Wxu8QRCZdTvwFvwtWOMst,0.000908,7,0.103,-7.771,1,4,44,0.0257,145.98,4,https://api.spotify.com/v1/tracks/3Wxu8QRCZdTvwFvwtWOMst,audio_features,spotify:track:3Wxu8QRCZdTvwFvwtWOMst,0.383
10 A.M.,0.271,https://api.spotify.com/v1/audio-analysis/5bNfEhOdYOg3xymezctqvS,Zoé,0.516,209373,0.888,latin alternative,,latin rock,mexican rock,rock en espanol,,,,,,5bNfEhOdYOg3xymezctqvS,0.0514,1,0.0775,-6.27,0,4,57,0.0314,155.001,4,https://api.spotify.com/v1/tracks/5bNfEhOdYOg3xymezctqvS,audio_features,spotify:track:5bNfEhOdYOg3xymezctqvS,0.78
In The Middle,0.296,https://api.spotify.com/v1/audio-analysis/7jWUcCeCFWCHlEqp6SduNl,The Wanted,0.599,193818,0.771,boy band,,dance pop,pop,post-teen pop,viral pop,,,,,7jWUcCeCFWCHlEqp6SduNl,0.0,0,0.117,-6.507,1,5,49,0.0385,137.989,4,https://api.spotify.com/v1/tracks/7jWUcCeCFWCHlEqp6SduNl,audio_features,spotify:track:7jWUcCeCFWCHlEqp6SduNl,0.219
Desire - Gryffin Remix,0.0606,https://api.spotify.com/v1/audio-analysis/6ctWstoouxCcvuTsd4cHNS,Years & Years,0.543,268840,0.876,dance pop,,gauze pop,pop,tropical house,uk pop,,,,,6ctWstoouxCcvuTsd4cHNS,0.0,10,0.157,-5.069,0,5,64,0.0512,122.058,4,https://api.spotify.com/v1/tracks/6ctWstoouxCcvuTsd4cHNS,audio_features,spotify:track:6ctWstoouxCcvuTsd4cHNS,0.415
Walnut Tree,0.639,https://api.spotify.com/v1/audio-analysis/5SfYMcvsVQXg0Tkj04ZosO,Keane,0.615,220187,0.74,neo mellow,,piano rock,pop rock,rock,,,,,,5SfYMcvsVQXg0Tkj04ZosO,0.00715,6,0.105,-6.347,1,4,29,0.0326,112.058,4,https://api.spotify.com/v1/tracks/5SfYMcvsVQXg0Tkj04ZosO,audio_features,spotify:track:5SfYMcvsVQXg0Tkj04ZosO,0.143
Like Gold,0.224,https://api.spotify.com/v1/audio-analysis/6Od2OWvoT4embWAgIGeFRd,Vance Joy,0.477,224400,0.712,indie folk,,modern rock,neo mellow,pop,,,,,,6Od2OWvoT4embWAgIGeFRd,8.36e-06,7,0.118,-6.759,1,4,66,0.0653,109.965,4,https://api.spotify.com/v1/tracks/6Od2OWvoT4embWAgIGeFRd,audio_features,spotify:track:6Od2OWvoT4embWAgIGeFRd,0.407
Bite Down (Bastille Vs. HAIM),0.0697,https://api.spotify.com/v1/audio-analysis/5FE8wW6YIKHFtSlbGLhYKB,Bastille,0.611,179666,0.799,metropopolis,,modern rock,pop,,,,,,,5FE8wW6YIKHFtSlbGLhYKB,0.0,1,0.169,-6.111,1,3,51,0.0911,139.973,4,https://api.spotify.com/v1/tracks/5FE8wW6YIKHFtSlbGLhYKB,audio_features,spotify:track:5FE8wW6YIKHFtSlbGLhYKB,0.725
Atlantic,0.00378,https://api.spotify.com/v1/audio-analysis/7I55ESBEDstNkSMe5yyTzt,Keane,0.476,253507,0.791,neo mellow,,piano rock,pop rock,rock,,,,,,7I55ESBEDstNkSMe5yyTzt,0.000584,3,0.0852,-6.815,1,4,40,0.0329,130.004,4,https://api.spotify.com/v1/tracks/7I55ESBEDstNkSMe5yyTzt,audio_features,spotify:track:7I55ESBEDstNkSMe5yyTzt,0.137
Won't Be Broken,0.00194,https://api.spotify.com/v1/audio-analysis/44a14aI4PYYocxhMOFcsc0,Keane,0.485,222427,0.756,neo mellow,,piano rock,pop rock,rock,,,,,,44a14aI4PYYocxhMOFcsc0,0.0,9,0.165,-5.004,1,4,49,0.0301,110.019,4,https://api.spotify.com/v1/tracks/44a14aI4PYYocxhMOFcsc0,audio_features,spotify:track:44a14aI4PYYocxhMOFcsc0,0.536
I Lived,0.0746,https://api.spotify.com/v1/audio-analysis/7D49Iig0avHre9RFSUMkd2,OneRepublic,0.599,234547,0.854,dance pop,,neo mellow,piano rock,pop,pop rap,pop rock,post-teen pop,,,7D49Iig0avHre9RFSUMkd2,0.0,9,0.278,-5.429,1,7,64,0.0436,119.986,4,https://api.spotify.com/v1/tracks/7D49Iig0avHre9RFSUMkd2,audio_features,spotify:track:7D49Iig0avHre9RFSUMkd2,0.311
Sovereign Light Café,0.013,https://api.spotify.com/v1/audio-analysis/4QRkCwqwHFaZ7xeoR9CHL6,Keane,0.535,218840,0.725,neo mellow,,piano rock,pop rock,rock,,,,,,4QRkCwqwHFaZ7xeoR9CHL6,0.0,8,0.156,-5.861,0,4,59,0.0302,122.84,1,https://api.spotify.com/v1/tracks/4QRkCwqwHFaZ7xeoR9CHL6,audio_features,spotify:track:4QRkCwqwHFaZ7xeoR9CHL6,0.509
Little Boy,0.896,https://api.spotify.com/v1/audio-analysis/12wGk5iut9ABU3vsSF3uxM,Vance Joy,0.683,203387,0.54,indie folk,,modern rock,neo mellow,pop,,,,,,12wGk5iut9ABU3vsSF3uxM,1.07e-06,10,0.107,-6.846,1,4,50,0.0352,112.353,4,https://api.spotify.com/v1/tracks/12wGk5iut9ABU3vsSF3uxM,audio_features,spotify:track:12wGk5iut9ABU3vsSF3uxM,0.364
Laughter Lines,0.123,https://api.spotify.com/v1/audio-analysis/3D8BHRb8r4tE494LrtXffE,Bastille,0.473,248040,0.643,metropopolis,,modern rock,pop,,,,,,,3D8BHRb8r4tE494LrtXffE,0.000674,1,0.0781,-6.419,0,3,51,0.033,142.065,4,https://api.spotify.com/v1/tracks/3D8BHRb8r4tE494LrtXffE,audio_features,spotify:track:3D8BHRb8r4tE494LrtXffE,0.175
We Might As Well Be Strangers,0.0448,https://api.spotify.com/v1/audio-analysis/4U4wBmE5KUP39VIpWMWGA3,Keane,0.53,192333,0.407,neo mellow,,piano rock,pop rock,rock,,,,,,4U4wBmE5KUP39VIpWMWGA3,0.0085,5,0.12,-7.925,1,4,48,0.026,71.993,4,https://api.spotify.com/v1/tracks/4U4wBmE5KUP39VIpWMWGA3,audio_features,spotify:track:4U4wBmE5KUP39VIpWMWGA3,0.285
I Found Love,0.351,https://api.spotify.com/v1/audio-analysis/551Om5f5UoL9qz8I8Elux8,Owl City,0.574,219733,0.599,modern rock,,pop,pop rock,post-teen pop,,,,,,551Om5f5UoL9qz8I8Elux8,2.72e-06,1,0.0912,-7.741,1,4,42,0.0312,128.03,4,https://api.spotify.com/v1/tracks/551Om5f5UoL9qz8I8Elux8,audio_features,spotify:track:551Om5f5UoL9qz8I8Elux8,0.328
Lay It On Me,0.101,https://api.spotify.com/v1/audio-analysis/7oekneJCJO74ycdLzdk16v,Vance Joy,0.733,215493,0.663,indie folk,,modern rock,neo mellow,pop,,,,,,7oekneJCJO74ycdLzdk16v,6.98e-06,5,0.0694,-5.766,1,4,65,0.0322,127.974,4,https://api.spotify.com/v1/tracks/7oekneJCJO74ycdLzdk16v,audio_features,spotify:track:7oekneJCJO74ycdLzdk16v,0.53
Laura Palmer,0.0191,https://api.spotify.com/v1/audio-analysis/0V8W7phYnepJBNeSMp8fGd,Bastille,0.569,186280,0.791,metropopolis,,modern rock,pop,,,,,,,0V8W7phYnepJBNeSMp8fGd,0.0,8,0.123,-5.351,1,3,52,0.0862,135.107,4,https://api.spotify.com/v1/tracks/0V8W7phYnepJBNeSMp8fGd,audio_features,spotify:track:0V8W7phYnepJBNeSMp8fGd,0.366
Go Gentle,0.54,https://api.spotify.com/v1/audio-analysis/2zmKgJFrzqblVAJGdUwcLd,Robbie Williams,0.578,271184,0.637,dance pop,,europop,pop,,,,,,,2zmKgJFrzqblVAJGdUwcLd,0.00421,3,0.13,-8.6,0,3,51,0.0314,124.998,4,https://api.spotify.com/v1/tracks/2zmKgJFrzqblVAJGdUwcLd,audio_features,spotify:track:2zmKgJFrzqblVAJGdUwcLd,0.31
Singing Low,0.413,https://api.spotify.com/v1/audio-analysis/3EyxoXTZuR5kBZcJDRC8wm,The Fray,0.527,263725,0.593,ambient worship,,modern rock,neo mellow,piano rock,pop,pop rock,,,,3EyxoXTZuR5kBZcJDRC8wm,0.000182,7,0.11,-4.981,0,6,47,0.0257,90.167,4,https://api.spotify.com/v1/tracks/3EyxoXTZuR5kBZcJDRC8wm,audio_features,spotify:track:3EyxoXTZuR5kBZcJDRC8wm,0.283
The Starting Line,0.435,https://api.spotify.com/v1/audio-analysis/3jQg3xqVv1H6Y3jp6FzR3M,Keane,0.468,252333,0.475,neo mellow,,piano rock,pop rock,rock,,,,,,3jQg3xqVv1H6Y3jp6FzR3M,0.0,0,0.0743,-6.323,1,4,46,0.0288,146.123,4,https://api.spotify.com/v1/tracks/3jQg3xqVv1H6Y3jp6FzR3M,audio_features,spotify:track:3jQg3xqVv1H6Y3jp6FzR3M,0.182
Stubborn Love,0.607,https://api.spotify.com/v1/audio-analysis/3ekNuTF3UpOvIZCfiejpnC,The Lumineers,0.598,279000,0.56,folk-pop,,indie folk,indie pop,modern rock,stomp and holler,,,,,3ekNuTF3UpOvIZCfiejpnC,0.0432,0,0.196,-11.679,1,5,65,0.0375,115.01,4,https://api.spotify.com/v1/tracks/3ekNuTF3UpOvIZCfiejpnC,audio_features,spotify:track:3ekNuTF3UpOvIZCfiejpnC,0.221
The Void,0.431,https://api.spotify.com/v1/audio-analysis/5vV3MXW9acnFuYeYO08CHC,Muse,0.571,284853,0.551,modern rock,,permanent wave,piano rock,post-grunge,rock,,,,,5vV3MXW9acnFuYeYO08CHC,0.0207,7,0.0852,-8.736,0,5,55,0.0268,134.819,4,https://api.spotify.com/v1/tracks/5vV3MXW9acnFuYeYO08CHC,audio_features,spotify:track:5vV3MXW9acnFuYeYO08CHC,0.165
Things We Lost In The Fire,0.0636,https://api.spotify.com/v1/audio-analysis/3pm1X3oQBKQ4vcp3i9PWRg,Bastille,0.587,240747,0.918,metropopolis,,modern rock,pop,,,,,,,3pm1X3oQBKQ4vcp3i9PWRg,0.0,4,0.267,-4.878,0,3,55,0.0581,134.055,4,https://api.spotify.com/v1/tracks/3pm1X3oQBKQ4vcp3i9PWRg,audio_features,spotify:track:3pm1X3oQBKQ4vcp3i9PWRg,0.629
No Words,0.361,https://api.spotify.com/v1/audio-analysis/2nZRTRS4Asz7qV6CLW85qA,The Script,0.568,245213,0.777,celtic rock,,dance pop,neo mellow,pop,pop rock,post-teen pop,viral pop,,,2nZRTRS4Asz7qV6CLW85qA,1.45e-06,9,0.0901,-6.181,1,7,47,0.0376,89.045,4,https://api.spotify.com/v1/tracks/2nZRTRS4Asz7qV6CLW85qA,audio_features,spotify:track:2nZRTRS4Asz7qV6CLW85qA,0.563
Weird Fishes/ Arpeggi,0.774,https://api.spotify.com/v1/audio-analysis/4Iyo50UoYhuuYORMLrGDci,Radiohead,0.538,318187,0.61,alternative rock,,art rock,melancholia,modern rock,oxford indie,permanent wave,rock,,,4Iyo50UoYhuuYORMLrGDci,0.749,11,0.0909,-8.027,0,7,66,0.0392,152.999,4,https://api.spotify.com/v1/tracks/4Iyo50UoYhuuYORMLrGDci,audio_features,spotify:track:4Iyo50UoYhuuYORMLrGDci,0.199
An Act Of Kindness,0.535,https://api.spotify.com/v1/audio-analysis/1YDOTFIYZ27RS3M1vRWPxg,Bastille,0.402,208267,0.843,metropopolis,,modern rock,pop,,,,,,,1YDOTFIYZ27RS3M1vRWPxg,0.0,2,0.503,-3.835,0,3,49,0.101,84.085,4,https://api.spotify.com/v1/tracks/1YDOTFIYZ27RS3M1vRWPxg,audio_features,spotify:track:1YDOTFIYZ27RS3M1vRWPxg,0.245
Can't Stop Now,0.00545,https://api.spotify.com/v1/audio-analysis/78beAzLy2Vqxs7zURZVusF,Keane,0.515,218493,0.718,neo mellow,,piano rock,pop rock,rock,,,,,,78beAzLy2Vqxs7zURZVusF,0.0,2,0.145,-4.124,0,4,44,0.0299,123.99,4,https://api.spotify.com/v1/tracks/78beAzLy2Vqxs7zURZVusF,audio_features,spotify:track:78beAzLy2Vqxs7zURZVusF,0.366
Counting Stars,0.0654,https://api.spotify.com/v1/audio-analysis/2tpWsVSb9UEmDRxAl1zhX1,OneRepublic,0.664,257267,0.705,dance pop,,neo mellow,piano rock,pop,pop rap,pop rock,post-teen pop,,,2tpWsVSb9UEmDRxAl1zhX1,0.0,1,0.118,-4.972,0,7,78,0.0382,122.016,4,https://api.spotify.com/v1/tracks/2tpWsVSb9UEmDRxAl1zhX1,audio_features,spotify:track:2tpWsVSb9UEmDRxAl1zhX1,0.477
Labios Rotos - Live,0.0731,https://api.spotify.com/v1/audio-analysis/1nULBrlzWatdcjA2ZctIMv,Zoé,0.579,243040,0.758,latin alternative,,latin rock,mexican rock,rock en espanol,,,,,,1nULBrlzWatdcjA2ZctIMv,0.00292,11,0.708,-7.08,1,4,68,0.0281,109.054,4,https://api.spotify.com/v1/tracks/1nULBrlzWatdcjA2ZctIMv,audio_features,spotify:track:1nULBrlzWatdcjA2ZctIMv,0.288
Where You Stand,0.349,https://api.spotify.com/v1/audio-analysis/5cvaX59QXdBDwYi5pMuvSf,Travis,0.604,219602,0.709,britpop,,indie rock,neo mellow,pop rock,rock,,,,,5cvaX59QXdBDwYi5pMuvSf,0.0,5,0.0996,-7.376,1,5,39,0.0257,114.97,3,https://api.spotify.com/v1/tracks/5cvaX59QXdBDwYi5pMuvSf,audio_features,spotify:track:5cvaX59QXdBDwYi5pMuvSf,0.539
Stop For A Minute,0.0557,https://api.spotify.com/v1/audio-analysis/55YqwT8BH8alblsZ10zVIO,Keane,0.606,246800,0.784,neo mellow,,piano rock,pop rock,rock,,,,,,55YqwT8BH8alblsZ10zVIO,0.0,9,0.177,-7.06,0,4,46,0.0381,85.983,4,https://api.spotify.com/v1/tracks/55YqwT8BH8alblsZ10zVIO,audio_features,spotify:track:55YqwT8BH8alblsZ10zVIO,0.727
Hielo,0.282,https://api.spotify.com/v1/audio-analysis/2YiqBesMJpszYU6raDOG0R,Zoé,0.551,302840,0.73,latin alternative,,latin rock,mexican rock,rock en espanol,,,,,,2YiqBesMJpszYU6raDOG0R,0.923,7,0.148,-7.69,0,4,63,0.0274,126.967,4,https://api.spotify.com/v1/tracks/2YiqBesMJpszYU6raDOG0R,audio_features,spotify:track:2YiqBesMJpszYU6raDOG0R,0.672
Who Am I,0.561,https://api.spotify.com/v1/audio-analysis/55pbyBpxfZXq3vijkpu086,Vance Joy,0.622,159600,0.694,indie folk,,modern rock,neo mellow,pop,,,,,,55pbyBpxfZXq3vijkpu086,0.000379,9,0.123,-6.636,0,4,51,0.0596,127.786,4,https://api.spotify.com/v1/tracks/55pbyBpxfZXq3vijkpu086,audio_features,spotify:track:55pbyBpxfZXq3vijkpu086,0.605
Lend Me Some Light,0.257,https://api.spotify.com/v1/audio-analysis/5a1M9VqvbQKas0cOwN60xf,Empire of the Sun,0.614,209973,0.734,alternative dance,pop,australian dance,australian electropop,dance-punk,indie pop,indietronica,modern rock,neo-synthpop,new rave,5a1M9VqvbQKas0cOwN60xf,0.654,0,0.354,-6.088,1,10,33,0.0307,103.011,4,https://api.spotify.com/v1/tracks/5a1M9VqvbQKas0cOwN60xf,audio_features,spotify:track:5a1M9VqvbQKas0cOwN60xf,0.386
Red Eye,0.0418,https://api.spotify.com/v1/audio-analysis/2yGxX67YzZWlNni7kSthlm,Vance Joy,0.535,303827,0.542,indie folk,,modern rock,neo mellow,pop,,,,,,2yGxX67YzZWlNni7kSthlm,0.0,9,0.158,-7.436,1,4,53,0.0288,115.554,4,https://api.spotify.com/v1/tracks/2yGxX67YzZWlNni7kSthlm,audio_features,spotify:track:2yGxX67YzZWlNni7kSthlm,0.129
The Driver,0.0458,https://api.spotify.com/v1/audio-analysis/67EpDEz292HJ8N8Ksh3iOo,Bastille,0.497,261107,0.599,metropopolis,,modern rock,pop,,,,,,,67EpDEz292HJ8N8Ksh3iOo,0.00163,9,0.259,-5.243,0,3,49,0.0264,85.938,4,https://api.spotify.com/v1/tracks/67EpDEz292HJ8N8Ksh3iOo,audio_features,spotify:track:67EpDEz292HJ8N8Ksh3iOo,0.19
Looking Back,0.00129,https://api.spotify.com/v1/audio-analysis/0G7XfFgk1HRuoYyV38mduH,Keane,0.547,226480,0.848,neo mellow,,piano rock,pop rock,rock,,,,,,0G7XfFgk1HRuoYyV38mduH,9.04e-06,11,0.276,-7.766,0,4,40,0.0659,191.993,4,https://api.spotify.com/v1/tracks/0G7XfFgk1HRuoYyV38mduH,audio_features,spotify:track:0G7XfFgk1HRuoYyV38mduH,0.783
Infinito - Live,0.101,https://api.spotify.com/v1/audio-analysis/3K5qO0v4oUzluFiDHFF5WT,Zoé,0.608,266733,0.497,latin alternative,,latin rock,mexican rock,rock en espanol,,,,,,3K5qO0v4oUzluFiDHFF5WT,0.0013,7,0.695,-6.792,1,4,52,0.0259,107.036,4,https://api.spotify.com/v1/tracks/3K5qO0v4oUzluFiDHFF5WT,audio_features,spotify:track:3K5qO0v4oUzluFiDHFF5WT,0.0537
Bend & Break,0.000738,https://api.spotify.com/v1/audio-analysis/4mPiTSD96K4Dha1irhqpW3,Keane,0.467,220133,0.839,neo mellow,,piano rock,pop rock,rock,,,,,,4mPiTSD96K4Dha1irhqpW3,1.99e-05,4,0.121,-3.584,1,4,58,0.0295,137.902,4,https://api.spotify.com/v1/tracks/4mPiTSD96K4Dha1irhqpW3,audio_features,spotify:track:4mPiTSD96K4Dha1irhqpW3,0.518
Torn Apart (Bastille Vs. GRADES),0.0366,https://api.spotify.com/v1/audio-analysis/6aG4HwledcA0bMC43LTXjS,Bastille,0.556,185155,0.79,metropopolis,,modern rock,pop,,,,,,,6aG4HwledcA0bMC43LTXjS,0.000266,7,0.228,-6.333,0,3,50,0.047,127.011,4,https://api.spotify.com/v1/tracks/6aG4HwledcA0bMC43LTXjS,audio_features,spotify:track:6aG4HwledcA0bMC43LTXjS,0.18
